Industry,East,East Midlands,London,North East,North West,Scotland,South East,South West,Wales,West Midlands,Yorkshire and The Humber,Total,SIC2007,Description
0100 : DEFRA/Scottish Executive Agricultural Data,22000,15000,500,3000,11000,27000,26000,22000,17000,20000,11000,174500,0100, DEFRA/Scottish Executive Agricultural Data
"0111 : Growing of cereals (except rice), leguminous crops and oil seeds",0,0,0,0,0,0,0,0,0,0,0,0,0111," Growing of cereals (except rice), leguminous crops and oil seeds"
0112 : Growing of rice,0,0,0,0,0,0,0,0,0,0,0,0,0112, Growing of rice
"0113 : Growing of vegetables and melons, roots and tubers",0,0,0,0,0,0,0,0,0,0,0,0,0113," Growing of vegetables and melons, roots and tubers"
0114 : Growing of sugar cane,0,0,0,0,0,0,0,0,0,0,0,0,0114, Growing of sugar cane
0115 : Growing of tobacco,0,0,0,0,0,0,0,0,0,0,0,0,0115, Growing of tobacco
0116 : Growing of fibre crops,0,0,0,0,0,0,0,0,0,0,0,0,0116, Growing of fibre crops
0119 : Growing of other non-perennial crops,0,0,0,0,0,0,0,0,0,0,0,0,0119, Growing of other non-perennial crops
0121 : Growing of grapes,0,0,0,0,0,0,0,0,0,0,0,0,0121, Growing of grapes
0122 : Growing of tropical and subtropical fruits,0,0,0,0,0,0,0,0,0,0,0,0,0122, Growing of tropical and subtropical fruits
0123 : Growing of citrus fruits,0,0,0,0,0,0,0,0,0,0,0,0,0123, Growing of citrus fruits
0124 : Growing of pome fruits and stone fruits,0,0,0,0,0,0,0,0,0,0,0,0,0124, Growing of pome fruits and stone fruits
0125 : Growing of other tree and bush fruits and nuts,0,0,0,0,0,0,0,0,0,0,0,0,0125, Growing of other tree and bush fruits and nuts
0126 : Growing of oleaginous fruits,0,0,0,0,0,0,0,0,0,0,0,0,0126, Growing of oleaginous fruits
0127 : Growing of beverage crops,0,0,0,0,0,0,0,0,0,0,0,0,0127, Growing of beverage crops
"0128 : Growing of spices, aromatic, drug and pharmaceutical crops",0,0,0,0,0,0,0,0,0,0,0,0,0128," Growing of spices, aromatic, drug and pharmaceutical crops"
0129 : Growing of other perennial crops,0,0,0,0,0,0,0,0,0,0,0,0,0129, Growing of other perennial crops
0130 : Plant propagation,0,0,0,0,0,0,0,0,0,0,0,0,0130, Plant propagation
0141 : Raising of dairy cattle,0,0,0,0,0,0,0,0,0,0,0,0,0141, Raising of dairy cattle
0142 : Raising of other cattle and buffaloes,0,0,0,0,0,0,0,0,0,0,0,0,0142, Raising of other cattle and buffaloes
0143 : Raising of horses and other equines,0,0,0,0,0,0,0,0,0,0,0,0,0143, Raising of horses and other equines
0144 : Raising of camels and camelids,0,0,0,0,0,0,0,0,0,0,0,0,0144, Raising of camels and camelids
0145 : Raising of sheep and goats,0,0,0,0,0,0,0,0,0,0,0,0,0145, Raising of sheep and goats
0146 : Raising of swine/pigs,0,0,0,0,0,0,0,0,0,0,0,0,0146, Raising of swine/pigs
0147 : Raising of poultry,0,0,0,0,0,0,0,0,0,0,0,0,0147, Raising of poultry
0149 : Raising of other animals,0,0,0,0,0,0,0,0,0,0,0,0,0149, Raising of other animals
0150 : Mixed farming,0,0,0,0,0,0,0,0,0,0,0,0,0150, Mixed farming
0161 : Support activities for crop production,1000,1250,250,35,1000,800,2500,1500,225,1000,150,9710,0161, Support activities for crop production
0162 : Support activities for animal production,800,450,175,50,1500,225,2000,1250,125,800,150,7525,0162, Support activities for animal production
0163 : Post-harvest crop activities,300,50,10,0,50,75,400,10,0,40,10,945,0163, Post-harvest crop activities
0164 : Seed processing for propagation,150,150,0,0,0,0,10,0,0,0,0,310,0164, Seed processing for propagation
"0170 : Hunting, trapping and related service activities",35,40,35,10,30,200,250,250,10,125,100,1085,0170," Hunting, trapping and related service activities"
0210 : Silviculture and other forestry activities,500,600,350,125,600,2500,2250,1250,700,700,100,9675,0210, Silviculture and other forestry activities
0220 : Logging,100,75,75,5,50,175,250,125,100,125,10,1090,0220, Logging
0230 : Gathering of wild growing non-wood products,0,0,0,10,0,0,0,0,0,10,0,20,0230, Gathering of wild growing non-wood products
0240 : Support services to forestry,125,200,100,20,200,300,1000,400,100,450,50,2945,0240, Support services to forestry
0311 : Marine fishing,75,20,30,15,125,1750,500,800,75,25,50,3465,0311, Marine fishing
0312 : Freshwater fishing,10,10,0,0,40,75,75,40,10,10,5,275,0312, Freshwater fishing
0321 : Marine aquaculture,15,25,20,5,75,1250,250,150,45,75,5,1915,0321, Marine aquaculture
0322 : Freshwater aquaculture,40,20,30,0,25,500,200,150,20,35,10,1030,0322, Freshwater aquaculture
0510 : Mining of hard coal,0,75,0,200,0,225,0,0,600,0,900,2000,0510, Mining of hard coal
0520 : Mining of lignite,0,0,0,0,0,0,0,0,0,0,0,0,0520, Mining of lignite
0610 : Extraction of crude petroleum,400,75,2250,150,0,10000,1000,150,0,0,5,14030,0610, Extraction of crude petroleum
0620 : Extraction of natural gas,10,100,50,10,300,600,0,0,0,0,50,1120,0620, Extraction of natural gas
0710 : Mining of iron ores,0,0,0,0,0,0,0,0,0,0,0,0,0710, Mining of iron ores
0721 : Mining of uranium and thorium ores,0,0,0,0,0,0,0,0,0,0,0,0,0721, Mining of uranium and thorium ores
0729 : Mining of other non-ferrous metal ores,0,0,0,0,0,0,0,0,0,0,0,0,0729, Mining of other non-ferrous metal ores
"0811 : Quarrying of ornamental and building stone, limestone, gypsum, chalk and slate",100,2500,10,225,250,1250,150,1500,400,175,500,7060,0811," Quarrying of ornamental and building stone, limestone, gypsum, chalk and slate"
0812 : Operation of gravel and sand pits; mining of clays and kaolin,600,1250,150,200,350,800,1000,1500,400,700,600,7550,0812, Operation of gravel and sand pits; mining of clays and kaolin
0891 : Mining of chemical and fertiliser minerals,0,300,0,1000,20,0,0,0,0,0,0,1320,0891, Mining of chemical and fertiliser minerals
0892 : Extraction of peat,0,100,0,0,10,50,0,20,0,0,0,180,0892, Extraction of peat
0893 : Extraction of salt,10,0,0,0,350,30,0,0,0,0,0,390,0893, Extraction of salt
0899 : Other mining and quarrying n.e.c.,20,400,175,100,100,100,15,125,30,75,100,1240,0899, Other mining and quarrying n.e.c.
0910 : Support activities for petroleum and natural gas extraction,450,350,225,25,50,21000,125,150,150,25,300,22850,0910, Support activities for petroleum and natural gas extraction
0990 : Support activities for other mining and quarrying,5,125,50,0,50,20,5,75,5,50,15,400,0990, Support activities for other mining and quarrying
1011 : Processing and preserving of meat,2250,3000,225,300,3500,2500,600,2250,2250,2250,3500,22625,1011, Processing and preserving of meat
1012 : Processing and preserving of poultry meat,5000,6000,100,300,700,600,50,1000,2000,5000,1500,22250,1012, Processing and preserving of poultry meat
1013 : Production of meat and poultry meat products,3500,4500,1250,500,3500,2500,1250,1750,1750,3000,7000,30500,1013, Production of meat and poultry meat products
"1020 : Processing and preserving of fish, crustaceans and molluscs",50,200,150,50,500,8000,100,1250,125,300,4000,14725,1020," Processing and preserving of fish, crustaceans and molluscs"
1031 : Processing and preserving of potatoes,1000,1500,800,1000,600,40,800,150,30,900,1750,8570,1031, Processing and preserving of potatoes
1032 : Manufacture of fruit and vegetable juice,150,30,100,0,100,0,25,1000,0,150,10,1565,1032, Manufacture of fruit and vegetable juice
1039 : Other processing and preserving of fruit and vegetables,2500,5000,2250,300,2500,450,2500,500,250,3000,1250,20500,1039, Other processing and preserving of fruit and vegetables
1041 : Manufacture of oils and fats,200,20,175,0,300,100,5,30,0,150,450,1430,1041, Manufacture of oils and fats
1042 : Manufacture of margarine and similar edible fats,0,0,100,0,0,30,0,0,10,0,150,290,1042, Manufacture of margarine and similar edible fats
1051 : Operation of dairies and cheese making,300,900,1250,250,2500,1250,500,6000,1500,2250,1250,17950,1051, Operation of dairies and cheese making
1052 : Manufacture of ice cream,100,250,250,50,700,250,200,800,250,150,900,3900,1052, Manufacture of ice cream
1061 : Manufacture of grain mill products,1250,2250,400,50,1750,250,700,700,1000,700,300,9350,1061, Manufacture of grain mill products
1062 : Manufacture of starches and starch products,0,150,0,0,250,0,10,0,40,0,0,450,1062, Manufacture of starches and starch products
1071 : Manufacture of bread; manufacture of fresh pastry goods and cakes,3000,7000,7000,3000,12000,7000,6000,6000,5000,6000,10000,72000,1071, Manufacture of bread; manufacture of fresh pastry goods and cakes
1072 : Manufacture of rusks and biscuits; manufacture of preserved pastry goods and cakes,500,2500,2250,1000,5000,5000,600,2500,1000,1250,2500,24100,1072, Manufacture of rusks and biscuits; manufacture of preserved pastry goods and cakes
"1073 : Manufacture of macaroni, noodles, couscous and similar farinaceous products",10,0,100,10,100,0,10,0,0,0,400,630,1073," Manufacture of macaroni, noodles, couscous and similar farinaceous products"
1081 : Manufacture of sugar,600,200,600,0,0,0,10,10,0,0,100,1520,1081, Manufacture of sugar
"1082 : Manufacture of cocoa, chocolate and sugar confectionery",900,3000,250,900,2000,700,1750,1000,700,2500,3500,17200,1082," Manufacture of cocoa, chocolate and sugar confectionery"
1083 : Processing of tea and coffee,125,1000,100,500,900,300,900,300,10,20,700,4855,1083, Processing of tea and coffee
1084 : Manufacture of condiments and seasonings,700,1250,175,125,1250,100,1000,800,700,450,1250,7800,1084, Manufacture of condiments and seasonings
1085 : Manufacture of prepared meals and dishes,1250,6000,4500,500,5000,2000,600,1000,3000,1250,1500,26600,1085, Manufacture of prepared meals and dishes
1086 : Manufacture of homogenised food preparations and dietetic food,25,20,75,0,175,150,30,25,35,100,50,685,1086, Manufacture of homogenised food preparations and dietetic food
1089 : Manufacture of other food products n.e.c.,1000,9000,3000,700,3500,1750,2500,1500,2250,2250,2500,29950,1089, Manufacture of other food products n.e.c.
1091 : Manufacture of prepared feeds for farm animals,1000,900,0,50,1250,700,400,1000,700,800,900,7700,1091, Manufacture of prepared feeds for farm animals
1092 : Manufacture of prepared pet foods,1250,2000,45,10,800,75,250,450,225,225,900,6230,1092, Manufacture of prepared pet foods
"1101 : Distilling, rectifying and blending of spirits",45,10,250,125,600,8000,40,30,25,75,175,9375,1101," Distilling, rectifying and blending of spirits"
1102 : Manufacture of wine from grape,20,0,0,0,10,0,150,5,0,0,0,185,1102, Manufacture of wine from grape
1103 : Manufacture of cider and other fruit wines,250,0,0,30,30,40,75,700,10,900,10,2045,1103, Manufacture of cider and other fruit wines
1104 : Manufacture of other non-distilled fermented beverages,0,0,0,0,0,0,0,0,0,0,0,0,1104, Manufacture of other non-distilled fermented beverages
1105 : Manufacture of beer,2000,800,700,600,1750,1250,1000,1000,600,2000,2500,14200,1105, Manufacture of beer
1106 : Manufacture of malt,600,30,0,200,0,300,10,30,0,30,125,1325,1106, Manufacture of malt
1107 : Manufacture of soft drinks; production of mineral waters and other bottled waters,1250,900,900,300,800,1500,600,600,600,600,1750,9800,1107, Manufacture of soft drinks; production of mineral waters and other bottled waters
1200 : Manufacture of tobacco products,20,400,0,0,40,0,0,150,0,0,20,630,1200, Manufacture of tobacco products
1310 : Preparation and spinning of textile fibres,5,50,75,10,500,350,20,40,20,150,1750,2970,1310, Preparation and spinning of textile fibres
1320 : Weaving of textiles,300,300,100,10,1250,1500,100,800,20,20,1750,6150,1320, Weaving of textiles
1330 : Finishing of textiles,250,1000,700,200,1250,600,175,250,35,600,1250,6310,1330, Finishing of textiles
1391 : Manufacture of knitted and crocheted fabrics,5,600,5,0,100,35,0,0,0,0,100,845,1391, Manufacture of knitted and crocheted fabrics
"1392 : Manufacture of made-up textile articles, except apparel",1250,2500,1000,2000,5000,1250,1750,1250,700,800,2250,19750,1392," Manufacture of made-up textile articles, except apparel"
1393 : Manufacture of carpets and rugs,20,225,40,10,1250,0,25,200,100,700,1000,3570,1393, Manufacture of carpets and rugs
"1394 : Manufacture of cordage, rope, twine and netting",100,15,150,50,150,225,75,150,10,40,35,1000,1394," Manufacture of cordage, rope, twine and netting"
"1395 : Manufacture of non-wovens and articles made from non-wovens, except apparel",150,20,0,10,400,0,20,100,0,10,225,935,1395," Manufacture of non-wovens and articles made from non-wovens, except apparel"
1396 : Manufacture of other technical and industrial textiles,350,600,35,125,1000,450,100,100,150,200,400,3510,1396, Manufacture of other technical and industrial textiles
1399 : Manufacture of other textiles n.e.c.,50,200,150,25,600,50,50,225,5,20,500,1875,1399, Manufacture of other textiles n.e.c.
1411 : Manufacture of leather clothes,0,20,175,30,10,10,10,20,0,10,0,285,1411, Manufacture of leather clothes
1412 : Manufacture of workwear,200,250,200,150,200,225,100,400,35,350,100,2210,1412, Manufacture of workwear
1413 : Manufacture of other outerwear,300,1750,7000,600,700,350,400,200,175,800,900,13175,1413, Manufacture of other outerwear
1414 : Manufacture of underwear,5,900,350,20,50,25,150,30,50,50,5,1635,1414, Manufacture of underwear
1419 : Manufacture of other wearing apparel and accessories,300,1000,2250,225,450,1000,350,175,200,450,75,6475,1419, Manufacture of other wearing apparel and accessories
1420 : Manufacture of articles of fur,0,0,15,0,0,0,0,30,0,0,0,45,1420, Manufacture of articles of fur
1431 : Manufacture of knitted and crocheted hosiery,0,700,5,0,20,30,0,40,0,0,0,795,1431, Manufacture of knitted and crocheted hosiery
1439 : Manufacture of other knitted and crocheted apparel,5,700,75,0,300,1250,100,0,100,40,50,2620,1439, Manufacture of other knitted and crocheted apparel
1511 : Tanning and dressing of leather; dressing and dyeing of fur,200,50,0,0,10,600,10,300,0,20,75,1265,1511, Tanning and dressing of leather; dressing and dyeing of fur
"1512 : Manufacture of luggage, handbags and the like, saddlery and harness",300,100,150,0,100,175,125,1000,20,600,25,2595,1512," Manufacture of luggage, handbags and the like, saddlery and harness"
1520 : Manufacture of footwear,125,1750,300,0,800,10,45,100,20,50,15,3215,1520, Manufacture of footwear
1610 : Sawmilling and planing of wood,400,500,50,500,600,2000,400,600,450,1000,600,7100,1610, Sawmilling and planing of wood
1621 : Manufacture of veneer sheets and wood-based panels,225,300,100,800,300,800,100,150,800,250,700,4525,1621, Manufacture of veneer sheets and wood-based panels
1622 : Manufacture of assembled parquet floors,0,50,0,10,0,0,0,0,10,0,0,70,1622, Manufacture of assembled parquet floors
1623 : Manufacture of other builders' carpentry and joinery,4500,6000,1500,900,2500,3000,4000,3000,1500,6000,8000,40900,1623, Manufacture of other builders' carpentry and joinery
1624 : Manufacture of wooden containers,800,500,45,300,700,700,200,350,225,800,800,5420,1624, Manufacture of wooden containers
"1629 : Manufacture of other products of wood; manufacture of articles of cork, straw and plaiting",450,600,350,200,300,175,600,800,175,1500,500,5650,1629," Manufacture of other products of wood; manufacture of articles of cork, straw and plaiting"
1711 : Manufacture of pulp,10,30,0,0,20,0,0,0,0,0,20,80,1711, Manufacture of pulp
1712 : Manufacture of paper and paperboard,350,225,30,125,2500,1500,1000,900,600,600,700,8530,1712, Manufacture of paper and paperboard
1721 : Manufacture of corrugated paper and paperboard and of containers of paper and paperboard,2500,5000,125,1750,4000,2000,2000,2500,1000,1250,3000,25125,1721, Manufacture of corrugated paper and paperboard and of containers of paper and paperboard
1722 : Manufacture of household and sanitary goods and of toilet requisites,300,1000,10,400,2250,225,800,20,1250,175,20,6450,1722, Manufacture of household and sanitary goods and of toilet requisites
1723 : Manufacture of paper stationery,300,600,125,500,700,300,350,250,75,350,500,4050,1723, Manufacture of paper stationery
1724 : Manufacture of wallpaper,0,200,0,0,700,0,150,0,0,0,0,1050,1724, Manufacture of wallpaper
1729 : Manufacture of other articles of paper and paperboard n.e.c.,1000,1750,125,800,1750,450,800,500,225,800,1250,9450,1729, Manufacture of other articles of paper and paperboard n.e.c.
1811 : Printing of newspapers,600,0,25,0,200,150,100,10,50,100,100,1335,1811, Printing of newspapers
1812 : Other printing,8000,10000,12000,7000,8000,3500,14000,7000,5000,6000,11000,91500,1812, Other printing
1813 : Pre-press and pre-media services,450,900,1500,600,900,300,800,400,300,600,2000,8750,1813, Pre-press and pre-media services
1814 : Binding and related services,225,800,800,125,500,225,500,250,125,150,500,4200,1814, Binding and related services
1820 : Reproduction of recorded media,225,75,800,30,150,45,500,75,50,75,40,2065,1820, Reproduction of recorded media
1910 : Manufacture of coke oven products,0,0,0,10,0,0,0,0,0,0,0,10,1910, Manufacture of coke oven products
1920 : Manufacture of refined petroleum products,125,125,20,100,1500,1250,1500,300,600,700,2250,8470,1920, Manufacture of refined petroleum products
2011 : Manufacture of industrial gases,100,150,100,300,800,200,500,30,100,500,600,3380,2011, Manufacture of industrial gases
2012 : Manufacture of dyes and pigments,175,75,40,600,400,300,300,10,350,300,500,3050,2012, Manufacture of dyes and pigments
2013 : Manufacture of other inorganic basic chemicals,600,75,75,300,2250,75,25,20,200,200,500,4320,2013, Manufacture of other inorganic basic chemicals
2014 : Manufacture of other organic basic chemicals,175,250,250,2500,1250,500,700,20,700,800,2250,9395,2014, Manufacture of other organic basic chemicals
2015 : Manufacture of fertilisers and nitrogen compounds,175,175,25,250,500,75,100,100,35,20,600,2055,2015, Manufacture of fertilisers and nitrogen compounds
2016 : Manufacture of plastics in primary forms,800,800,225,800,2000,500,600,250,1000,1000,1000,8975,2016, Manufacture of plastics in primary forms
2017 : Manufacture of synthetic rubber in primary forms,30,0,0,0,0,10,0,0,100,0,30,170,2017, Manufacture of synthetic rubber in primary forms
2020 : Manufacture of pesticides and other agrochemical products,500,150,15,50,200,400,175,30,250,10,800,2580,2020, Manufacture of pesticides and other agrochemical products
"2030 : Manufacture of paints, varnishes and similar coatings, printing ink and mastics",1000,800,500,1750,2500,350,1500,900,800,1500,2000,13600,2030," Manufacture of paints, varnishes and similar coatings, printing ink and mastics"
"2041 : Manufacture of soap and detergents, cleaning and polishing preparations",1000,1250,300,450,4000,500,1500,225,350,700,600,10875,2041," Manufacture of soap and detergents, cleaning and polishing preparations"
2042 : Manufacture of perfumes and toilet preparations,1250,1000,600,500,1500,500,2500,3000,1250,400,1750,14250,2042, Manufacture of perfumes and toilet preparations
2051 : Manufacture of explosives,40,200,50,0,0,50,200,300,0,0,10,850,2051, Manufacture of explosives
2052 : Manufacture of glues,600,225,0,150,450,15,125,100,30,900,50,2645,2052, Manufacture of glues
2053 : Manufacture of essential oils,700,225,45,50,400,10,700,75,0,20,50,2275,2053, Manufacture of essential oils
2059 : Manufacture of other chemical products n.e.c.,900,450,700,1000,3000,2000,2250,200,600,500,800,12400,2059, Manufacture of other chemical products n.e.c.
2060 : Manufacture of man-made fibres,10,10,0,0,30,200,0,20,0,0,150,420,2060, Manufacture of man-made fibres
2110 : Manufacture of basic pharmaceutical products,1000,350,450,30,400,600,1500,150,600,150,350,5580,2110, Manufacture of basic pharmaceutical products
2120 : Manufacture of pharmaceutical preparations,3500,1750,1500,2250,6000,2500,4000,2250,1750,40,3500,29040,2120, Manufacture of pharmaceutical preparations
2211 : Manufacture of rubber tyres and tubes; retreading and rebuilding of rubber tyres,15,300,0,0,800,800,0,1000,20,1750,45,4730,2211, Manufacture of rubber tyres and tubes; retreading and rebuilding of rubber tyres
2219 : Manufacture of other rubber products,1500,2000,400,700,2500,1000,1250,1750,700,1500,1000,14300,2219, Manufacture of other rubber products
"2221 : Manufacture of plastic plates, sheets, tubes and profiles",1500,5000,1500,1750,4000,1750,1750,2250,600,2250,2500,24850,2221," Manufacture of plastic plates, sheets, tubes and profiles"
2222 : Manufacture of plastic packing goods,4000,3500,700,1250,3000,700,1750,1500,1250,1750,2500,21900,2222, Manufacture of plastic packing goods
2223 : Manufacture of builders� ware of plastic,4000,5000,1750,1250,6000,1750,2250,3000,2500,5000,6000,38500,2223, Manufacture of builders� ware of plastic
2229 : Manufacture of other plastic products,6000,6000,2250,2250,7000,2500,5000,3500,2500,7000,4500,48500,2229, Manufacture of other plastic products
2311 : Manufacture of flat glass,30,0,0,0,400,0,0,0,0,0,500,930,2311, Manufacture of flat glass
2312 : Shaping and processing of flat glass,1000,1000,1000,450,1250,800,1000,250,900,1000,1250,9900,2312, Shaping and processing of flat glass
2313 : Manufacture of hollow glass,150,10,10,0,800,800,50,150,5,30,2250,4255,2313, Manufacture of hollow glass
2314 : Manufacture of glass fibres,0,225,0,30,1000,175,225,225,200,250,100,2430,2314, Manufacture of glass fibres
"2319 : Manufacture and processing of other glass, including technical glassware",100,100,250,175,350,100,400,225,20,400,175,2295,2319," Manufacture and processing of other glass, including technical glassware"
2320 : Manufacture of refractory products,10,700,40,125,100,150,75,5,175,500,450,2330,2320, Manufacture of refractory products
2331 : Manufacture of ceramic tiles and flags,10,15,20,0,5,10,200,500,5,500,20,1285,2331, Manufacture of ceramic tiles and flags
"2332 : Manufacture of bricks, tiles and construction products, in baked clay",350,900,20,200,300,35,900,175,35,1000,600,4515,2332," Manufacture of bricks, tiles and construction products, in baked clay"
2341 : Manufacture of ceramic household and ornamental articles,20,800,150,15,100,50,350,25,15,4000,15,5540,2341, Manufacture of ceramic household and ornamental articles
2342 : Manufacture of ceramic sanitary fixtures,0,0,100,0,0,0,0,0,0,450,0,550,2342, Manufacture of ceramic sanitary fixtures
2343 : Manufacture of ceramic insulators and insulating fittings,0,0,0,150,10,0,40,20,0,50,0,270,2343, Manufacture of ceramic insulators and insulating fittings
2344 : Manufacture of other technical ceramic products,0,0,0,10,100,50,0,0,0,400,125,685,2344, Manufacture of other technical ceramic products
2349 : Manufacture of other ceramic products,15,150,0,0,40,0,20,5,50,200,10,490,2349, Manufacture of other ceramic products
2351 : Manufacture of cement,50,700,0,30,300,200,50,10,300,20,150,1810,2351, Manufacture of cement
2352 : Manufacture of lime and plaster,100,225,0,50,0,0,0,0,0,50,100,525,2352, Manufacture of lime and plaster
2361 : Manufacture of concrete products for construction purposes,1500,3000,150,300,900,1250,1250,900,400,1500,2500,13650,2361, Manufacture of concrete products for construction purposes
2362 : Manufacture of plaster products for construction purposes,15,800,40,0,150,0,450,100,0,0,350,1905,2362, Manufacture of plaster products for construction purposes
2363 : Manufacture of ready-mixed concrete,400,800,300,500,400,400,700,300,225,1000,700,5725,2363, Manufacture of ready-mixed concrete
2364 : Manufacture of mortars,50,25,0,10,175,40,75,50,0,40,20,485,2364, Manufacture of mortars
2365 : Manufacture of fibre cement,100,0,0,0,10,100,10,0,0,150,10,380,2365, Manufacture of fibre cement
"2369 : Manufacture of other articles of concrete, plaster and cement",100,45,50,50,15,250,150,30,15,150,125,980,2369," Manufacture of other articles of concrete, plaster and cement"
"2370 : Cutting, shaping and finishing of stone",400,600,600,150,500,600,1500,300,300,600,1250,6800,2370," Cutting, shaping and finishing of stone"
2391 : Production of abrasive products,300,200,10,0,30,15,150,40,30,600,45,1420,2391, Production of abrasive products
2399 : Manufacture of other non-metallic mineral products n.e.c.,600,450,350,225,1250,150,900,10,900,450,600,5885,2399, Manufacture of other non-metallic mineral products n.e.c.
2410 : Manufacture of basic iron and steel and of ferro-alloys,300,500,50,1500,900,400,300,350,8000,1750,8000,22050,2410, Manufacture of basic iron and steel and of ferro-alloys
"2420 : Manufacture of tubes, pipes, hollow profiles and related fittings, of steel",400,700,15,400,500,800,100,700,600,1750,1250,7215,2420," Manufacture of tubes, pipes, hollow profiles and related fittings, of steel"
2431 : Cold drawing of bars,0,20,0,0,0,0,0,0,0,200,200,420,2431, Cold drawing of bars
2432 : Cold rolling of narrow strip,0,0,0,0,40,0,10,0,0,0,50,100,2432, Cold rolling of narrow strip
2433 : Cold forming or folding,20,0,0,50,175,10,0,100,500,450,400,1705,2433, Cold forming or folding
2434 : Cold drawing of wire,30,10,0,0,50,0,0,0,0,175,300,565,2434, Cold drawing of wire
2441 : Precious metals production,10,40,400,0,0,0,5,0,10,40,100,605,2441, Precious metals production
2442 : Aluminium production,45,450,5,100,350,45,125,250,175,1750,150,3445,2442, Aluminium production
"2443 : Lead, zinc and tin production",100,300,0,10,250,0,150,30,10,10,50,910,2443," Lead, zinc and tin production"
2444 : Copper production,150,100,0,0,75,0,45,100,0,700,500,1670,2444, Copper production
2445 : Other non-ferrous metal production,300,1000,5,0,150,50,40,10,500,1250,150,3455,2445, Other non-ferrous metal production
2446 : Processing of nuclear fuel,0,0,0,0,12000,0,0,0,0,0,0,12000,2446, Processing of nuclear fuel
2451 : Casting of iron,25,1000,0,50,100,125,125,350,10,1500,400,3685,2451, Casting of iron
2452 : Casting of steel,35,150,5,40,500,75,75,125,50,450,800,2305,2452, Casting of steel
2453 : Casting of light metals,600,400,0,40,350,100,600,125,800,1750,150,4915,2453, Casting of light metals
2454 : Casting of other non-ferrous metals,150,30,75,50,100,10,75,225,100,800,200,1815,2454, Casting of other non-ferrous metals
2511 : Manufacture of metal structures and parts of structures,4500,5000,1500,3000,5000,5000,4500,3500,3500,7000,8000,50500,2511, Manufacture of metal structures and parts of structures
2512 : Manufacture of doors and windows of metal,2250,1250,1000,900,2250,800,2000,1500,1250,2250,2000,17450,2512, Manufacture of doors and windows of metal
2521 : Manufacture of central heating radiators and boilers,50,700,25,300,600,150,75,250,500,1500,800,4950,2521, Manufacture of central heating radiators and boilers
"2529 : Manufacture of other tanks, reservoirs and containers of metal",400,1000,20,150,800,350,150,150,400,500,900,4820,2529," Manufacture of other tanks, reservoirs and containers of metal"
"2530 : Manufacture of steam generators, except central heating hot water boilers",50,400,0,10,125,500,150,100,175,200,300,2010,2530," Manufacture of steam generators, except central heating hot water boilers"
2540 : Manufacture of weapons and ammunition,3000,125,200,600,1000,400,6000,800,600,300,100,13125,2540, Manufacture of weapons and ammunition
"2550 : Forging, pressing, stamping and roll-forming of metal; powder metallurgy",900,1250,125,2000,1250,500,1250,700,225,9000,2500,19700,2550," Forging, pressing, stamping and roll-forming of metal; powder metallurgy"
2561 : Treatment and coating of metals,1500,2500,600,900,2250,1250,2000,1500,1250,6000,2000,21750,2561, Treatment and coating of metals
2562 : Machining,9000,11000,3500,5000,13000,8000,14000,10000,5000,14000,9000,101500,2562, Machining
2571 : Manufacture of cutlery,10,40,0,0,20,0,10,0,0,50,250,380,2571, Manufacture of cutlery
2572 : Manufacture of locks and hinges,400,400,450,125,300,50,700,500,225,3500,45,6695,2572, Manufacture of locks and hinges
2573 : Manufacture of tools,800,2000,300,450,1000,500,2250,1500,600,3000,2500,14900,2573, Manufacture of tools
2591 : Manufacture of steel drums and similar containers,10,20,40,50,150,50,10,50,10,400,175,965,2591, Manufacture of steel drums and similar containers
2592 : Manufacture of light metal packaging,450,1250,100,40,900,300,350,100,1000,300,600,5390,2592, Manufacture of light metal packaging
"2593 : Manufacture of wire products, chain and springs",350,900,250,450,1000,225,700,225,400,1750,1750,8000,2593," Manufacture of wire products, chain and springs"
2594 : Manufacture of fasteners and screw machine products,100,600,45,200,600,125,175,50,300,3000,900,6095,2594, Manufacture of fasteners and screw machine products
2599 : Manufacture of other fabricated metal products n.e.c.,2500,4000,1000,1750,3000,1750,3000,2500,2000,6000,3500,31000,2599, Manufacture of other fabricated metal products n.e.c.
2611 : Manufacture of electronic components,2250,1250,300,700,1750,2500,1500,900,900,450,500,13000,2611, Manufacture of electronic components
2612 : Manufacture of loaded electronic boards,1750,1500,175,350,250,1500,900,1250,400,600,250,8925,2612, Manufacture of loaded electronic boards
2620 : Manufacture of computers and peripheral equipment,1250,700,500,225,450,500,1250,900,25,700,450,6950,2620, Manufacture of computers and peripheral equipment
2630 : Manufacture of communication equipment,1250,1250,500,350,1750,450,3500,700,1250,1000,1500,13500,2630, Manufacture of communication equipment
2640 : Manufacture of consumer electronics,600,350,300,75,175,500,1250,350,25,175,600,4400,2640, Manufacture of consumer electronics
"2651 : Manufacture of instruments and appliances for measuring, testing and navigation",7000,4500,1250,900,4500,4500,10000,7000,1750,4000,3000,48400,2651," Manufacture of instruments and appliances for measuring, testing and navigation"
2652 : Manufacture of watches and clocks,20,100,75,0,20,30,25,50,20,10,30,380,2652, Manufacture of watches and clocks
"2660 : Manufacture of irradiation, electromedical and electrotherapeutic equipment",700,150,75,25,500,100,2250,50,300,300,10,4460,2660," Manufacture of irradiation, electromedical and electrotherapeutic equipment"
2670 : Manufacture of optical instruments and photographic equipment,800,500,100,35,75,600,900,300,600,175,100,4185,2670, Manufacture of optical instruments and photographic equipment
2680 : Manufacture of magnetic and optical media,0,0,25,5,5,0,45,10,0,0,0,90,2680, Manufacture of magnetic and optical media
"2711 : Manufacture of electric motors, generators and transformers",700,2250,250,500,1500,500,2500,2250,350,1250,1500,13550,2711," Manufacture of electric motors, generators and transformers"
2712 : Manufacture of electricity distribution and control apparatus,1250,2250,600,1000,2500,800,3000,1750,1250,2250,1250,17900,2712, Manufacture of electricity distribution and control apparatus
2720 : Manufacture of batteries and accumulators,50,50,15,450,100,125,150,175,600,100,10,1825,2720, Manufacture of batteries and accumulators
2731 : Manufacture of fibre optic cables,400,0,0,0,20,40,300,300,500,10,20,1590,2731, Manufacture of fibre optic cables
2732 : Manufacture of other electronic and electric wires and cables,800,300,25,1750,1500,1250,1500,1500,1250,400,450,10725,2732, Manufacture of other electronic and electric wires and cables
2733 : Manufacture of wiring devices,500,450,125,150,500,20,1000,225,250,100,300,3620,2733, Manufacture of wiring devices
2740 : Manufacture of electric lighting equipment,1000,1250,450,1500,1750,600,2500,1250,225,1750,2500,14775,2740, Manufacture of electric lighting equipment
2751 : Manufacture of electric domestic appliances,800,150,15,125,1000,150,800,2500,1000,1250,1250,9040,2751, Manufacture of electric domestic appliances
2752 : Manufacture of non-electric domestic appliances,100,125,5,45,1500,5,225,700,100,700,350,3855,2752, Manufacture of non-electric domestic appliances
2790 : Manufacture of other electrical equipment,700,800,300,700,1500,200,1500,1500,1250,900,1500,10850,2790, Manufacture of other electrical equipment
"2811 : Manufacture of engines and turbines, except aircraft, vehicle and cycle engines",4000,6000,40,1750,500,400,1750,350,1000,2000,700,18490,2811," Manufacture of engines and turbines, except aircraft, vehicle and cycle engines"
2812 : Manufacture of fluid power equipment,300,500,150,225,1000,1000,1000,1250,75,1500,350,7350,2812, Manufacture of fluid power equipment
2813 : Manufacture of other pumps and compressors,500,700,250,350,1250,2000,2500,2000,40,1250,2500,13340,2813, Manufacture of other pumps and compressors
2814 : Manufacture of other taps and valves,700,350,150,800,1500,600,450,2250,300,900,1000,9000,2814, Manufacture of other taps and valves
"2815 : Manufacture of bearings, gears, gearing and driving elements",900,800,45,700,500,1000,450,1250,100,800,1500,8045,2815," Manufacture of bearings, gears, gearing and driving elements"
"2821 : Manufacture of ovens, furnaces and furnace burners",100,350,100,5,300,75,125,150,50,600,225,2080,2821," Manufacture of ovens, furnaces and furnace burners"
2822 : Manufacture of lifting and handling equipment,1250,1750,700,1250,2000,1500,2500,1500,500,3000,1500,17450,2822, Manufacture of lifting and handling equipment
2823 : Manufacture of office machinery and equipment (except computers and peripheral equipment),800,300,200,5,300,400,300,500,150,1000,75,4030,2823, Manufacture of office machinery and equipment (except computers and peripheral equipment)
2824 : Manufacture of power-driven hand tools,10,10,0,30,0,30,100,0,0,400,10,590,2824, Manufacture of power-driven hand tools
2825 : Manufacture of non-domestic cooling and ventilation equipment,3500,1250,500,1250,1250,1750,4000,2000,700,2250,2000,20450,2825, Manufacture of non-domestic cooling and ventilation equipment
2829 : Manufacture of other general-purpose machinery n.e.c.,2000,1500,800,1250,3000,1250,5000,2500,600,3500,3000,24400,2829, Manufacture of other general-purpose machinery n.e.c.
2830 : Manufacture of agricultural and forestry machinery,2500,600,250,350,250,350,300,600,30,1000,400,6630,2830, Manufacture of agricultural and forestry machinery
2841 : Manufacture of metal forming machinery,200,600,250,75,300,350,300,500,100,1500,1500,5675,2841, Manufacture of metal forming machinery
2849 : Manufacture of other machine tools,350,500,125,100,800,125,300,800,175,1250,250,4775,2849, Manufacture of other machine tools
2891 : Manufacture of machinery for metallurgy,0,0,0,300,10,20,0,150,0,50,50,580,2891, Manufacture of machinery for metallurgy
"2892 : Manufacture of machinery for mining, quarrying and construction",350,2500,75,2500,200,3500,400,700,30,3000,600,13855,2892," Manufacture of machinery for mining, quarrying and construction"
"2893 : Manufacture of machinery for food, beverage and tobacco processing",900,600,150,50,600,700,600,500,250,400,900,5650,2893," Manufacture of machinery for food, beverage and tobacco processing"
"2894 : Manufacture of machinery for textile, apparel and leather production",100,175,50,20,350,50,300,15,50,40,300,1450,2894," Manufacture of machinery for textile, apparel and leather production"
2895 : Manufacture of machinery for paper and paperboard production,225,125,0,0,450,0,20,30,20,5,20,895,2895, Manufacture of machinery for paper and paperboard production
2896 : Manufacture of plastics and rubber machinery,300,300,225,200,350,300,350,250,75,250,150,2750,2896, Manufacture of plastics and rubber machinery
2899 : Manufacture of other special-purpose machinery n.e.c.,1250,700,400,350,900,700,1000,600,500,1000,1250,8650,2899, Manufacture of other special-purpose machinery n.e.c.
2910 : Manufacture of motor vehicles,4000,4000,4000,8000,12000,2500,8000,3500,2500,28000,2250,78750,2910, Manufacture of motor vehicles
2920 : Manufacture of bodies (coachwork) for motor vehicles; manufacture of trailers and semi-trailers,1500,1250,125,300,3500,500,1000,1250,600,2250,5000,17275,2920, Manufacture of bodies (coachwork) for motor vehicles; manufacture of trailers and semi-trailers
2931 : Manufacture of electrical and electronic equipment for motor vehicles,700,200,150,150,400,0,450,200,0,700,150,3100,2931, Manufacture of electrical and electronic equipment for motor vehicles
2932 : Manufacture of other parts and accessories for motor vehicles,2000,3500,150,6000,4000,700,3500,3500,7000,20000,4500,54850,2932, Manufacture of other parts and accessories for motor vehicles
3011 : Building of ships and floating structures,450,40,50,200,9000,6000,700,6000,300,50,100,22890,3011, Building of ships and floating structures
3012 : Building of pleasure and sporting boats,800,800,75,15,450,100,1750,4500,350,250,50,9140,3012, Building of pleasure and sporting boats
3020 : Manufacture of railway locomotives and rolling stock,150,1500,10,100,350,125,125,400,300,250,50,3360,3020, Manufacture of railway locomotives and rolling stock
3030 : Manufacture of air and spacecraft and related machinery,7000,15000,500,1500,14000,2250,9000,19000,9000,6000,1250,84500,3030, Manufacture of air and spacecraft and related machinery
3040 : Manufacture of military fighting vehicles,800,0,0,0,0,100,50,900,20,1000,100,2970,3040, Manufacture of military fighting vehicles
3091 : Manufacture of motorcycles,35,700,25,0,100,0,75,250,100,100,5,1390,3091, Manufacture of motorcycles
3092 : Manufacture of bicycles and invalid carriages,30,30,250,0,225,100,125,300,300,500,75,1935,3092, Manufacture of bicycles and invalid carriages
3099 : Manufacture of other transport equipment n.e.c.,50,75,10,15,100,5,50,125,35,250,250,965,3099, Manufacture of other transport equipment n.e.c.
3101 : Manufacture of office and shop furniture,2250,3000,700,1000,3000,700,1250,1500,1250,1500,2250,18400,3101, Manufacture of office and shop furniture
3102 : Manufacture of kitchen furniture,1000,1250,500,2250,800,700,1000,1750,225,900,5000,15375,3102, Manufacture of kitchen furniture
3103 : Manufacture of mattresses,450,300,200,100,1750,125,600,900,40,250,1750,6465,3103, Manufacture of mattresses
3109 : Manufacture of other furniture,3500,7000,3000,2250,3000,1250,2500,3500,2000,3500,6000,37500,3109, Manufacture of other furniture
3211 : Striking of coins,0,0,0,0,0,0,40,0,800,0,0,840,3211, Striking of coins
3212 : Manufacture of jewellery and related articles,700,100,800,75,125,250,600,100,200,900,350,4200,3212, Manufacture of jewellery and related articles
3213 : Manufacture of imitation jewellery and related articles,75,50,100,0,0,50,45,50,100,75,30,575,3213, Manufacture of imitation jewellery and related articles
3220 : Manufacture of musical instruments,150,35,75,35,40,175,300,50,50,75,40,1025,3220, Manufacture of musical instruments
3230 : Manufacture of sports goods,1250,450,175,200,700,350,600,250,500,200,500,5175,3230, Manufacture of sports goods
3240 : Manufacture of games and toys,600,1250,125,100,125,200,450,250,700,450,175,4425,3240, Manufacture of games and toys
3250 : Manufacture of medical and dental instruments and supplies,3500,1250,1250,1750,2250,2500,11000,3500,4000,3000,4000,38000,3250, Manufacture of medical and dental instruments and supplies
3291 : Manufacture of brooms and brushes,125,15,50,75,50,5,50,125,200,50,75,820,3291, Manufacture of brooms and brushes
3299 : Other manufacturing n.e.c.,3000,1250,1250,1750,2250,1750,3500,1000,3000,1500,1500,21750,3299, Other manufacturing n.e.c.
3311 : Repair of fabricated metal products,350,700,100,500,700,1250,300,200,400,500,1000,6000,3311, Repair of fabricated metal products
3312 : Repair of machinery,2250,4500,1500,1250,3000,6000,3000,1250,1750,3500,4500,32500,3312, Repair of machinery
3313 : Repair of electronic and optical equipment,1250,250,75,125,125,200,600,600,300,450,400,4375,3313, Repair of electronic and optical equipment
3314 : Repair of electrical equipment,600,500,150,225,600,500,500,400,300,700,700,5175,3314, Repair of electrical equipment
3315 : Repair and maintenance of ships and boats,350,100,15,350,150,800,3000,1500,400,35,350,7050,3315, Repair and maintenance of ships and boats
3316 : Repair and maintenance of aircraft and spacecraft,2250,600,600,300,900,2000,3000,2250,3500,800,450,16650,3316, Repair and maintenance of aircraft and spacecraft
3317 : Repair and maintenance of transport equipment n.e.c.,250,1250,4000,600,1500,600,900,500,350,1000,1750,12700,3317, Repair and maintenance of transport equipment n.e.c.
3319 : Repair of other equipment,250,350,100,300,450,800,300,225,250,400,600,4025,3319, Repair of other equipment
3320 : Installation of industrial machinery and equipment,1750,1500,700,700,1250,2500,3500,2500,600,3000,1250,19250,3320, Installation of industrial machinery and equipment
3511 : Production of electricity,1250,1750,2250,1000,2500,4500,2250,3000,4500,600,3000,26600,3511, Production of electricity
3512 : Transmission of electricity,50,150,75,30,100,10,600,200,40,1500,200,2955,3512, Transmission of electricity
3513 : Distribution of electricity,3000,8000,4500,3500,3500,7000,5000,3500,3000,2500,2500,46000,3513, Distribution of electricity
3514 : Trade of electricity,125,250,300,75,400,225,600,700,150,25,175,3025,3514, Trade of electricity
3521 : Manufacture of gas,600,1500,300,20,600,225,500,30,50,2500,150,6475,3521, Manufacture of gas
3522 : Distribution of gaseous fuels through mains,350,150,500,50,900,1500,3000,450,900,1750,450,10000,3522, Distribution of gaseous fuels through mains
3523 : Trade of gas through mains,20,5000,100,0,4000,5000,5000,250,1500,3000,3000,26870,3523, Trade of gas through mains
3530 : Steam and air conditioning supply,20,20,0,0,10,15,10,0,0,0,40,115,3530, Steam and air conditioning supply
"3600 : Water collection, treatment and supply",4500,2250,900,2500,1250,3500,4500,4000,2250,4500,3500,33650,3600," Water collection, treatment and supply"
3700 : Sewerage,6000,1250,3500,250,2250,1250,4000,1750,1000,1250,900,23400,3700, Sewerage
3811 : Collection of non-hazardous waste,4500,4000,8000,450,11000,5000,8000,5000,2500,4500,6000,58950,3811, Collection of non-hazardous waste
3812 : Collection of hazardous waste,40,30,35,5,600,15,75,75,25,75,100,1075,3812, Collection of hazardous waste
3821 : Treatment and disposal of non-hazardous waste,3000,1250,1500,1750,3500,2500,5000,3500,1750,1750,1750,27250,3821, Treatment and disposal of non-hazardous waste
3822 : Treatment and disposal of hazardous waste,800,75,125,50,1250,2000,800,1500,350,175,225,7350,3822, Treatment and disposal of hazardous waste
3831 : Dismantling of wrecks,100,20,0,30,5,0,20,10,50,30,25,290,3831, Dismantling of wrecks
3832 : Recovery of sorted materials,4500,3500,1250,900,1500,1750,2500,900,4000,4000,2000,26800,3832, Recovery of sorted materials
3900 : Remediation activities and other waste management services,1000,250,250,400,900,450,800,200,600,1250,125,6225,3900, Remediation activities and other waste management services
4110 : Development of building projects,7000,3500,21000,1000,7000,4000,10000,6000,1250,2250,6000,69000,4110, Development of building projects
4120 : Construction of residential and non-residential buildings,44000,18000,35000,15000,27000,34000,52000,27000,14000,33000,26000,325000,4120, Construction of residential and non-residential buildings
4211 : Construction of roads and motorways,7000,4500,3500,2250,3500,4500,4000,5000,2000,3000,8000,47250,4211, Construction of roads and motorways
4212 : Construction of railways and underground railways,1000,450,1500,75,900,800,400,300,175,150,1750,7500,4212, Construction of railways and underground railways
4213 : Construction of bridges and tunnels,15,10,250,100,35,500,25,45,10,75,125,1190,4213, Construction of bridges and tunnels
4221 : Construction of utility projects for fluids,1000,400,500,300,1250,350,400,700,150,250,600,5900,4221, Construction of utility projects for fluids
4222 : Construction of utility projects for electricity and telecommunications,600,700,700,75,8000,350,225,250,150,75,150,11275,4222, Construction of utility projects for electricity and telecommunications
4291 : Construction of water projects,125,125,225,125,150,300,400,75,30,100,75,1730,4291, Construction of water projects
4299 : Construction of other civil engineering projects n.e.c.,14000,11000,19000,4000,13000,12000,10000,6000,8000,6000,6000,109000,4299, Construction of other civil engineering projects n.e.c.
4311 : Demolition,400,100,900,100,1500,350,350,125,25,2250,350,6450,4311, Demolition
4312 : Site preparation,1500,600,1250,450,3000,1250,900,900,150,3000,1000,14000,4312, Site preparation
4313 : Test drilling and boring,175,20,100,150,250,250,150,100,45,225,75,1540,4313, Test drilling and boring
4321 : Electrical installation,18000,18000,17000,8000,17000,19000,29000,21000,10000,19000,15000,191000,4321, Electrical installation
"4322 : Plumbing, heat and air-conditioning installation",13000,12000,10000,4500,11000,14000,19000,15000,6000,12000,10000,126500,4322," Plumbing, heat and air-conditioning installation"
4329 : Other construction installation,4500,4500,4000,1500,3500,2500,4500,3500,2000,3000,3000,36500,4329, Other construction installation
4331 : Plastering,1500,700,900,450,1250,700,1500,1250,200,1000,900,10350,4331, Plastering
4332 : Joinery installation,9000,4000,4000,1250,8000,8000,11000,7000,1000,6000,5000,64250,4332, Joinery installation
4333 : Floor and wall covering,3000,1250,1250,600,2500,1500,3000,2250,350,2250,1500,19450,4333, Floor and wall covering
4334 : Painting and glazing,6000,2500,3500,1750,5000,6000,8000,4000,1000,5000,3500,46250,4334, Painting and glazing
4339 : Other building completion and finishing,9000,2500,7000,800,4500,3000,10000,6000,800,5000,3000,51600,4339, Other building completion and finishing
4391 : Roofing activities,3000,3000,1500,2000,4500,3500,3500,2000,300,5000,2250,30550,4391, Roofing activities
4399 : Other specialised construction activities n.e.c.,12000,12000,7000,6000,17000,12000,14000,8000,3000,17000,9000,117000,4399, Other specialised construction activities n.e.c.
4511 : Sale of cars and light motor vehicles,20000,13000,11000,6000,17000,18000,27000,16000,14000,16000,14000,172000,4511, Sale of cars and light motor vehicles
4519 : Sale of other motor vehicles,1250,1250,400,350,1250,1250,1000,1500,1000,1500,900,11650,4519, Sale of other motor vehicles
4520 : Maintenance and repair of motor vehicles,29000,17000,18000,9000,17000,18000,34000,32000,6000,21000,15000,216000,4520, Maintenance and repair of motor vehicles
4531 : Wholesale trade of motor vehicle parts and accessories,9000,5000,7000,1750,6000,4500,9000,6000,2500,10000,7000,67750,4531, Wholesale trade of motor vehicle parts and accessories
4532 : Retail trade of motor vehicle parts and accessories,5000,2500,3500,800,2250,2000,6000,3000,1500,6000,4000,36550,4532, Retail trade of motor vehicle parts and accessories
"4540 : Sale, maintenance and repair of motorcycles and related parts and accessories",1250,700,800,75,600,500,1500,1000,1000,800,600,8825,4540," Sale, maintenance and repair of motorcycles and related parts and accessories"
"4611 : Agents involved in the sale of agricultural raw materials, live animals, textile raw materials and semi-finished goods",300,150,50,50,300,500,200,450,150,125,600,2875,4611," Agents involved in the sale of agricultural raw materials, live animals, textile raw materials and semi-finished goods"
"4612 : Agents involved in the sale of fuels, ores, metals and industrial chemicals",200,200,1500,5,400,150,600,350,75,125,75,3680,4612," Agents involved in the sale of fuels, ores, metals and industrial chemicals"
4613 : Agents involved in the sale of timber and building materials,600,500,450,5,600,175,1000,1000,100,175,200,4805,4613, Agents involved in the sale of timber and building materials
"4614 : Agents involved in the sale of machinery, industrial equipment, ships and aircraft",500,800,1000,40,700,225,2250,1000,200,450,250,7415,4614," Agents involved in the sale of machinery, industrial equipment, ships and aircraft"
"4615 : Agents involved in the sale of furniture, household goods, hardware and ironmongery",225,225,350,0,300,75,500,300,50,75,50,2150,4615," Agents involved in the sale of furniture, household goods, hardware and ironmongery"
"4616 : Agents involved in the sale of textiles, clothing, fur, footwear and leather goods",350,900,1250,100,900,75,500,400,75,300,125,4975,4616," Agents involved in the sale of textiles, clothing, fur, footwear and leather goods"
"4617 : Agents involved in the sale of food, beverages and tobacco",450,300,700,30,225,150,1250,350,50,300,350,4155,4617," Agents involved in the sale of food, beverages and tobacco"
4618 : Agents specialised in the sale of other particular products,2000,1000,1500,15,1000,400,4000,2000,300,500,500,13215,4618, Agents specialised in the sale of other particular products
4619 : Agents involved in the sale of a variety of goods,250,200,700,0,350,50,1250,350,75,125,150,3500,4619, Agents involved in the sale of a variety of goods
"4621 : Wholesale of grain, unmanufactured tobacco, seeds and animal feeds",1750,1000,225,250,900,700,2000,1750,350,450,1500,10875,4621," Wholesale of grain, unmanufactured tobacco, seeds and animal feeds"
4622 : Wholesale of flowers and plants,1500,1250,700,100,800,150,2250,225,15,125,900,8015,4622, Wholesale of flowers and plants
4623 : Wholesale of live animals,200,125,30,25,175,175,300,225,5,25,225,1510,4623, Wholesale of live animals
"4624 : Wholesale of hides, skins and leather",150,40,175,0,100,40,125,35,0,45,125,835,4624," Wholesale of hides, skins and leather"
4631 : Wholesale of fruit and vegetables,4000,4000,4000,400,2000,2500,4000,1750,300,3500,2250,28700,4631, Wholesale of fruit and vegetables
4632 : Wholesale of meat and meat products,1500,800,3000,250,3500,1750,2500,1750,450,3500,3000,22000,4632, Wholesale of meat and meat products
"4633 : Wholesale of dairy products, eggs and edible oils and fats",600,800,1250,175,1250,1500,1750,1250,300,1750,1250,11875,4633," Wholesale of dairy products, eggs and edible oils and fats"
4634 : Wholesale of beverages,1500,1250,7000,450,2500,3500,3500,3000,500,2500,2000,27700,4634, Wholesale of beverages
4635 : Wholesale of tobacco products,50,200,350,0,35,20,150,50,20,100,100,1075,4635, Wholesale of tobacco products
4636 : Wholesale of sugar and chocolate and sugar confectionery,500,450,900,300,600,900,1250,350,200,1250,1000,7700,4636, Wholesale of sugar and chocolate and sugar confectionery
"4637 : Wholesale of coffee, tea, cocoa and spices",150,75,800,25,200,175,1000,200,40,50,250,2965,4637," Wholesale of coffee, tea, cocoa and spices"
"4638 : Wholesale of other food, including fish, crustaceans and molluscs",1000,450,3000,450,1500,3000,1750,2000,250,1000,2000,16400,4638," Wholesale of other food, including fish, crustaceans and molluscs"
"4639 : Non-specialised wholesale of food, beverages and tobacco",7000,7000,10000,2500,8000,8000,13000,8000,3000,8000,7000,81500,4639," Non-specialised wholesale of food, beverages and tobacco"
4641 : Wholesale of textiles,700,1000,2250,300,4500,400,1250,500,200,1000,1750,13850,4641, Wholesale of textiles
4642 : Wholesale of clothing and footwear,3000,3500,8000,1000,9000,2500,2250,2250,1000,3500,3000,39000,4642, Wholesale of clothing and footwear
4643 : Wholesale of electrical household appliances,4000,1250,4500,600,3000,450,7000,3000,1250,3500,1250,29800,4643, Wholesale of electrical household appliances
4644 : Wholesale of china and glassware and cleaning materials,500,125,500,100,700,175,1250,350,150,800,400,5050,4644, Wholesale of china and glassware and cleaning materials
4645 : Wholesale of perfume and cosmetics,2500,1750,10000,600,3000,1000,4000,1250,450,4500,1000,30050,4645, Wholesale of perfume and cosmetics
4646 : Wholesale of pharmaceutical goods,6000,4500,7000,1000,7000,3000,22000,2500,1750,4500,4000,63250,4646, Wholesale of pharmaceutical goods
"4647 : Wholesale of furniture, carpets and lighting equipment",1250,1750,2250,400,3500,600,2250,3000,600,3000,1250,19850,4647," Wholesale of furniture, carpets and lighting equipment"
4648 : Wholesale of watches and jewellery,225,350,2000,50,700,50,2250,250,125,700,200,6900,4648, Wholesale of watches and jewellery
4649 : Wholesale of other household goods,6000,3500,7000,1500,12000,2000,11000,4500,1250,6000,8000,62750,4649, Wholesale of other household goods
"4651 : Wholesale of computers, computer peripheral equipment and software",2000,2250,6000,300,4000,2250,15000,1250,200,3500,1250,38000,4651," Wholesale of computers, computer peripheral equipment and software"
4652 : Wholesale of electronic and telecommunications equipment and parts,4000,4000,4000,300,4000,2000,9000,2250,350,4500,2000,36400,4652, Wholesale of electronic and telecommunications equipment and parts
"4661 : Wholesale of agricultural machinery, equipment and supplies",3000,1500,75,300,1000,2000,1500,3000,1250,2250,1750,17625,4661," Wholesale of agricultural machinery, equipment and supplies"
4662 : Wholesale of machine tools,900,1000,225,175,1000,450,800,450,250,2500,1250,9000,4662, Wholesale of machine tools
"4663 : Wholesale of mining, construction and civil engineering machinery",1000,700,100,300,500,700,700,500,600,2500,600,8200,4663," Wholesale of mining, construction and civil engineering machinery"
4664 : Wholesale of machinery for the textile industry and of sewing and knitting machines,40,150,40,20,125,15,10,45,75,100,150,770,4664, Wholesale of machinery for the textile industry and of sewing and knitting machines
4665 : Wholesale of office furniture,400,150,400,35,350,250,600,450,250,200,350,3435,4665, Wholesale of office furniture
4666 : Wholesale of other office machinery and equipment,3000,1500,3000,200,1500,1250,2500,1250,800,3000,1750,19750,4666, Wholesale of other office machinery and equipment
4669 : Wholesale of other machinery and equipment,15000,8000,5000,3000,14000,7000,18000,10000,4500,16000,12000,112500,4669, Wholesale of other machinery and equipment
"4671 : Wholesale of solid, liquid and gaseous fuels and related products",1750,1750,4000,700,1500,3000,2250,1500,900,1750,1500,20600,4671," Wholesale of solid, liquid and gaseous fuels and related products"
4672 : Wholesale of metals and metal ores,2500,1750,2500,1250,3000,2000,3000,1250,1000,8000,3500,29750,4672, Wholesale of metals and metal ores
"4673 : Wholesale of wood, construction materials and sanitary equipment",14000,9000,13000,4500,12000,10000,18000,10000,5000,15000,11000,121500,4673," Wholesale of wood, construction materials and sanitary equipment"
"4674 : Wholesale of hardware, plumbing and heating equipment and supplies",7000,4500,4500,2250,5000,4500,9000,4500,1250,9000,6000,57500,4674," Wholesale of hardware, plumbing and heating equipment and supplies"
4675 : Wholesale of chemical products,2500,2000,2000,700,2500,1750,3000,1250,600,1750,1500,19550,4675, Wholesale of chemical products
4676 : Wholesale of other intermediate products,2000,2250,2000,1000,2250,1250,3000,1250,350,2250,1500,19100,4676, Wholesale of other intermediate products
4677 : Wholesale of waste and scrap,1250,1250,1250,500,1500,1250,1250,900,350,1500,1250,12250,4677, Wholesale of waste and scrap
4690 : Non-specialised wholesale trade,6000,8000,18000,1000,8000,1750,9000,5000,1000,5000,10000,72750,4690, Non-specialised wholesale trade
"4711 : Retail sale in non-specialised stores with food, beverages or tobacco predominating",106000,72000,127000,39000,112000,93000,149000,98000,52000,84000,76000,1008000,4711," Retail sale in non-specialised stores with food, beverages or tobacco predominating"
4719 : Other retail sale in non-specialised stores,26000,20000,42000,12000,30000,21000,32000,23000,14000,21000,22000,263000,4719, Other retail sale in non-specialised stores
4721 : Retail sale of fruit and vegetables in specialised stores,800,800,1750,900,900,1750,1500,900,1250,1250,800,12600,4721, Retail sale of fruit and vegetables in specialised stores
4722 : Retail sale of meat and meat products in specialised stores,2250,2250,2500,2500,2250,4500,2500,2000,2500,3500,2250,29000,4722, Retail sale of meat and meat products in specialised stores
"4723 : Retail sale of fish, crustaceans and molluscs in specialised stores",225,75,400,225,175,700,300,250,125,200,225,2900,4723," Retail sale of fish, crustaceans and molluscs in specialised stores"
"4724 : Retail sale of bread, cakes, flour confectionery and sugar confectionery in specialised stores",4000,3500,6000,3000,6000,7000,5000,4000,3500,3500,4500,50000,4724," Retail sale of bread, cakes, flour confectionery and sugar confectionery in specialised stores"
4725 : Retail sale of beverages in specialised stores,1250,1000,3000,1250,2000,1750,1750,800,1000,1750,900,16450,4725, Retail sale of beverages in specialised stores
4726 : Retail sale of tobacco products in specialised stores,300,250,600,350,300,500,700,200,500,400,300,4400,4726, Retail sale of tobacco products in specialised stores
4729 : Other retail sale of food in specialised stores,1750,1500,6000,1000,1750,2500,3500,2500,1500,2500,1750,26250,4729, Other retail sale of food in specialised stores
4730 : Retail sale of automotive fuel in specialised stores,2250,1500,3000,2500,3500,1750,5000,2500,800,5000,2500,30300,4730, Retail sale of automotive fuel in specialised stores
"4741 : Retail sale of computers, peripheral units and software in specialised stores",2250,1250,3000,600,1500,1000,2500,900,350,800,1250,15400,4741," Retail sale of computers, peripheral units and software in specialised stores"
4742 : Retail sale of telecommunications equipment in specialised stores,2000,1500,5000,700,2000,1250,3000,1250,800,2000,1250,20750,4742, Retail sale of telecommunications equipment in specialised stores
4743 : Retail sale of audio and video equipment in specialised stores,1000,450,700,75,125,50,175,100,45,125,100,2945,4743, Retail sale of audio and video equipment in specialised stores
4751 : Retail sale of textiles in specialised stores,700,1000,1750,225,1750,600,2250,1000,700,700,800,11475,4751, Retail sale of textiles in specialised stores
"4752 : Retail sale of hardware, paints and glass in specialised stores",9000,7000,11000,2250,10000,5000,15000,9000,5000,7000,5000,85250,4752," Retail sale of hardware, paints and glass in specialised stores"
"4753 : Retail sale of carpets, rugs, wall and floor coverings in specialised stores",1750,2000,2000,400,3500,1250,3000,1750,1250,1750,1000,19650,4753," Retail sale of carpets, rugs, wall and floor coverings in specialised stores"
4754 : Retail sale of electrical household appliances in specialised stores,4000,4500,6000,1000,4500,2000,6000,3000,1750,3000,2250,38000,4754, Retail sale of electrical household appliances in specialised stores
"4759 : Retail sale of furniture, lighting equipment and other household articles in specialised stores",9000,8000,15000,2500,14000,7000,15000,9000,5000,8000,5000,97500,4759," Retail sale of furniture, lighting equipment and other household articles in specialised stores"
4761 : Retail sale of books in specialised stores,1000,700,2000,400,1250,1000,1500,1250,500,1000,500,11100,4761, Retail sale of books in specialised stores
4762 : Retail sale of newspapers and stationery in specialised stores,4000,2500,3500,1500,3500,2000,4000,4000,1250,2500,1750,30500,4762, Retail sale of newspapers and stationery in specialised stores
4763 : Retail sale of music and video recordings in specialised stores,450,250,500,200,400,350,500,350,125,350,250,3725,4763, Retail sale of music and video recordings in specialised stores
4764 : Retail sale of sporting equipment in specialised stores,8000,4000,9000,3000,9000,5000,8000,7000,3500,4500,4500,65500,4764, Retail sale of sporting equipment in specialised stores
4765 : Retail sale of games and toys in specialised stores,1500,600,1750,400,1250,700,1250,1000,450,1000,800,10700,4765, Retail sale of games and toys in specialised stores
4771 : Retail sale of clothing in specialised stores,29000,18000,73000,12000,39000,30000,47000,26000,14000,27000,27000,342000,4771, Retail sale of clothing in specialised stores
4772 : Retail sale of footwear and leather goods in specialised stores,4500,3000,13000,1750,6000,3500,8000,4500,1750,4000,4000,54000,4772, Retail sale of footwear and leather goods in specialised stores
4773 : Dispensing chemist in specialised stores,8000,17000,13000,3000,14000,10000,11000,6000,5000,9000,10000,106000,4773, Dispensing chemist in specialised stores
4774 : Retail sale of medical and orthopaedic goods in specialised stores,800,600,500,75,1000,400,1250,500,450,600,700,6875,4774, Retail sale of medical and orthopaedic goods in specialised stores
4775 : Retail sale of cosmetic and toilet articles in specialised stores,3000,1750,8000,1250,3500,3000,5000,2250,1250,2250,2500,33750,4775, Retail sale of cosmetic and toilet articles in specialised stores
"4776 : Retail sale of flowers, plants, seeds, fertilisers, pet animals and pet food in specialised stores",9000,6000,5000,1250,7000,5000,12000,8000,1750,5000,4500,64500,4776," Retail sale of flowers, plants, seeds, fertilisers, pet animals and pet food in specialised stores"
4777 : Retail sale of watches and jewellery in specialised stores,3500,2500,9000,900,4500,3000,5000,3000,1250,3500,3500,39650,4777, Retail sale of watches and jewellery in specialised stores
4778 : Other retail sale of new goods in specialised stores,14000,11000,21000,2250,15000,11000,21000,13000,4500,9000,13000,134750,4778, Other retail sale of new goods in specialised stores
4779 : Retail sale of second-hand goods in stores,3500,2500,7000,1000,4000,2500,6000,4000,1500,3000,3500,38500,4779, Retail sale of second-hand goods in stores
"4781 : Retail sale via stalls and markets of food, beverages and tobacco products",350,350,700,45,400,150,300,225,75,250,350,3195,4781," Retail sale via stalls and markets of food, beverages and tobacco products"
"4782 : Retail sale via stalls and markets of textiles, clothing and footwear",20,50,250,0,75,5,50,15,5,30,75,575,4782," Retail sale via stalls and markets of textiles, clothing and footwear"
4789 : Retail sale via stalls and markets of other goods,175,225,900,10,400,175,250,150,75,600,250,3210,4789, Retail sale via stalls and markets of other goods
4791 : Retail sale via mail order houses or via Internet,14000,7000,19000,2500,22000,3000,18000,9000,3000,4000,8000,109500,4791, Retail sale via mail order houses or via Internet
"4799 : Other retail sale not in stores, stalls or markets",2250,1500,3500,1500,3000,600,5000,2250,700,1000,1500,22800,4799," Other retail sale not in stores, stalls or markets"
"4910 : Passenger rail transport, interurban",3000,1500,12000,1000,4000,4500,9000,5000,1500,4000,3500,49000,4910," Passenger rail transport, interurban"
4920 : Freight rail transport,600,600,900,200,1000,500,500,250,225,400,1500,6675,4920, Freight rail transport
4931 : Urban and suburban passenger land transport,8000,6000,52000,5000,10000,10000,12000,8000,4000,10000,10000,135000,4931, Urban and suburban passenger land transport
4932 : Taxi operation,3000,1500,7000,2000,4000,3500,4500,2500,2250,3000,2000,35250,4932, Taxi operation
4939 : Other passenger land transport n.e.c.,6000,3000,8000,4000,10000,8000,6000,5000,4000,4500,4000,62500,4939, Other passenger land transport n.e.c.
4941 : Freight transport by road,25000,24000,11000,8000,29000,16000,21000,19000,10000,30000,25000,218000,4941, Freight transport by road
4942 : Removal services,1500,600,3500,500,900,1000,2500,1750,350,1000,700,14300,4942, Removal services
4950 : Transport via pipeline,500,0,50,50,20,50,0,10,0,0,40,720,4950, Transport via pipeline
5010 : Sea and coastal passenger water transport,400,20,500,175,150,1750,3000,600,900,0,250,7745,5010, Sea and coastal passenger water transport
5020 : Sea and coastal freight water transport,300,0,4000,100,900,400,600,300,100,0,250,6950,5020, Sea and coastal freight water transport
5030 : Inland passenger water transport,15,0,1250,10,75,75,125,250,15,0,100,1915,5030, Inland passenger water transport
5040 : Inland freight water transport,50,0,75,50,50,10,10,45,0,0,50,340,5040, Inland freight water transport
5110 : Passenger air transport,5000,1250,37000,1750,6000,3500,11000,2000,350,1500,3000,72350,5110, Passenger air transport
5121 : Freight air transport,300,250,350,25,250,450,450,25,150,300,125,2675,5121, Freight air transport
5122 : Space transport,0,0,0,0,0,0,0,0,0,0,0,0,5122, Space transport
5210 : Warehousing and storage,20000,31000,12000,8000,32000,14000,31000,15000,6000,35000,30000,234000,5210, Warehousing and storage
5221 : Service activities incidental to land transportation,5000,4000,15000,1750,9000,7000,13000,7000,2250,11000,7000,82000,5221, Service activities incidental to land transportation
5222 : Service activities incidental to water transportation,4500,300,1250,1000,1500,4000,4500,3500,1250,400,2500,24700,5222, Service activities incidental to water transportation
5223 : Service activities incidental to air transportation,5000,600,14000,900,6000,6000,12000,3000,400,1750,1000,50650,5223, Service activities incidental to air transportation
5224 : Cargo handling,1000,500,3000,600,350,700,2000,75,150,100,400,8875,5224, Cargo handling
5229 : Other transportation support activities,9000,5000,16000,1250,6000,4000,13000,4000,800,7000,6000,72050,5229, Other transportation support activities
5310 : Postal activities under universal service obligation,14000,11000,20000,5000,17000,13000,21000,17000,6000,12000,12000,148000,5310, Postal activities under universal service obligation
5320 : Other postal and courier activities,7000,8000,9000,2000,8000,4500,11000,9000,2000,22000,4500,87000,5320, Other postal and courier activities
5510 : Hotels and similar accommodation,22000,17000,60000,13000,42000,51000,48000,38000,19000,24000,20000,354000,5510, Hotels and similar accommodation
5520 : Holiday and other short stay accommodation,6000,4500,1500,600,4500,3500,5000,8000,3000,800,1500,38900,5520, Holiday and other short stay accommodation
"5530 : Camping grounds, recreational vehicle parks and trailer parks",4000,2000,100,1500,3000,2250,4000,8000,5000,1250,2500,33600,5530," Camping grounds, recreational vehicle parks and trailer parks"
5590 : Other accommodation,250,700,2000,225,1250,1000,700,1500,250,400,300,8575,5590, Other accommodation
5610 : Restaurants and mobile food service activities,67000,45000,195000,29000,90000,86000,120000,81000,36000,58000,58000,865000,5610, Restaurants and mobile food service activities
5621 : Event catering activities,14000,4500,31000,2250,15000,10000,19000,8000,1250,13000,10000,128000,5621, Event catering activities
5629 : Other food service activities,9000,5000,32000,3500,9000,9000,21000,8000,3500,10000,4500,114500,5629, Other food service activities
5630 : Beverage serving activities,46000,33000,50000,28000,65000,37000,79000,42000,24000,44000,53000,501000,5630, Beverage serving activities
5811 : Book publishing,3000,500,12000,500,500,500,7000,800,75,250,150,25275,5811, Book publishing
5812 : Publishing of directories and mailing lists,20,5,250,10,50,0,600,75,0,10,5,1025,5812, Publishing of directories and mailing lists
5813 : Publishing of newspapers,3500,800,14000,1500,4000,2500,7000,1250,1750,1250,2000,39550,5813, Publishing of newspapers
5814 : Publishing of journals and periodicals,5000,1000,21000,500,1250,1250,7000,2500,75,400,400,40375,5814, Publishing of journals and periodicals
5819 : Other publishing activities,4500,300,6000,350,1500,250,3500,1000,100,300,2000,19800,5819, Other publishing activities
5821 : Publishing of computer games,150,75,500,35,100,45,600,50,5,5,10,1575,5821, Publishing of computer games
5829 : Other software publishing,1000,400,3500,400,600,150,3500,450,35,200,400,10635,5829, Other software publishing
"5911 : Motion picture, video and television programme production activities",6000,350,31000,800,2000,3000,6000,2000,1750,1250,900,55050,5911," Motion picture, video and television programme production activities"
"5912 : Motion picture, video and television programme post-production activities",900,50,9000,150,200,150,1000,350,175,200,35,12210,5912," Motion picture, video and television programme post-production activities"
"5913 : Motion picture, video and television programme distribution activities",500,15,4500,35,50,35,600,50,15,450,10,6260,5913," Motion picture, video and television programme distribution activities"
5914 : Motion picture projection activities,2250,900,3500,700,2000,2000,2500,1500,900,1500,1250,19000,5914, Motion picture projection activities
5920 : Sound recording and music publishing activities,900,75,6000,225,125,175,800,250,100,450,75,9175,5920, Sound recording and music publishing activities
6010 : Radio broadcasting,75,400,7000,175,500,350,800,225,250,450,400,10625,6010, Radio broadcasting
6020 : Television programming and broadcasting activities,100,5,20000,35,3000,125,800,45,500,400,175,25185,6020, Television programming and broadcasting activities
6110 : Wired telecommunications activities,600,450,2500,125,2000,350,3000,700,40,175,300,10240,6110, Wired telecommunications activities
6120 : Wireless telecommunications activities,900,1000,6000,350,4500,1250,12000,2000,200,2000,2500,32700,6120, Wireless telecommunications activities
6130 : Satellite telecommunications activities,35,10,600,800,800,5000,800,400,0,0,1000,9445,6130, Satellite telecommunications activities
6190 : Other telecommunications activities,13000,6000,32000,8000,22000,10000,34000,13000,5000,8000,9000,160000,6190, Other telecommunications activities
6201 : Computer programming activities,12000,7000,42000,5000,15000,7000,40000,8000,1750,10000,7000,154750,6201, Computer programming activities
6202 : Computer consultancy activities,32000,15000,98000,9000,29000,18000,81000,18000,3500,24000,16000,343500,6202, Computer consultancy activities
6203 : Computer facilities management activities,100,75,350,25,350,150,350,100,125,100,75,1800,6203, Computer facilities management activities
6209 : Other information technology and computer service activities,10000,5000,32000,2250,10000,8000,30000,8000,3000,9000,4500,121750,6209, Other information technology and computer service activities
"6311 : Data processing, hosting and related activities",4000,4500,12000,1250,3500,900,9000,6000,225,1500,1750,44625,6311," Data processing, hosting and related activities"
6312 : Web portals,600,125,6000,50,100,500,400,900,150,100,150,9075,6312, Web portals
6391 : News agency activities,150,175,9000,20,125,45,250,250,5,50,700,10770,6391, News agency activities
6399 : Other information service activities n.e.c.,1000,300,4500,50,700,150,1500,1250,75,250,450,10225,6399, Other information service activities n.e.c.
6411 : Central banking,100,0,4000,0,10,10,0,0,0,0,40,4160,6411, Central banking
6419 : Other monetary intermediation,15000,17000,144000,13000,36000,44000,30000,32000,12000,27000,37000,407000,6419, Other monetary intermediation
6420 : Activities of holding companies,300,100,350,20,50,30,400,50,10,200,75,1585,6420, Activities of holding companies
"6430 : Trusts, funds and similar financial entities",500,75,8000,45,500,450,1500,300,75,150,600,12195,6430," Trusts, funds and similar financial entities"
6491 : Financial leasing,450,75,900,10,900,100,2000,300,150,400,75,5360,6491, Financial leasing
6492 : Other credit granting,3000,1250,4000,2250,4500,3500,6000,800,1250,3000,3500,33050,6492, Other credit granting
"6499 : Other financial service activities, except insurance and pension funding, n.e.c.",2000,700,17000,450,2500,350,4000,5000,350,1250,1000,34600,6499," Other financial service activities, except insurance and pension funding, n.e.c."
6511 : Life insurance,2000,125,4500,75,400,9000,8000,4500,1500,1500,250,31850,6511, Life insurance
6512 : Non-life insurance,5000,1250,13000,1750,9000,1750,17000,3500,5000,5000,3000,65250,6512, Non-life insurance
6520 : Reinsurance,100,0,900,0,0,0,0,0,400,0,0,1400,6520, Reinsurance
6530 : Pension funding,0,0,0,0,0,0,0,0,0,0,0,0,6530, Pension funding
6611 : Administration of financial markets,225,1000,2500,5,300,200,350,30,15,200,150,4975,6611, Administration of financial markets
6612 : Security and commodity contracts brokerage,1250,350,24000,125,1000,2000,2000,2250,250,900,900,35025,6612, Security and commodity contracts brokerage
"6619 : Other activities auxiliary to financial services, except insurance and pension funding",10000,6000,46000,2250,10000,7000,14000,9000,2500,8000,10000,124750,6619," Other activities auxiliary to financial services, except insurance and pension funding"
6621 : Risk and damage evaluation,1500,350,3000,300,2500,600,2000,700,700,1500,1500,14650,6621, Risk and damage evaluation
6622 : Activities of insurance agents and brokers,14000,4000,30000,1000,5000,6000,17000,11000,1250,9000,11000,109250,6622, Activities of insurance agents and brokers
6629 : Other activities auxiliary to insurance and pension funding,5000,3000,23000,1750,8000,6000,12000,8000,1500,5000,9000,82250,6629, Other activities auxiliary to insurance and pension funding
6630 : Fund management activities,450,100,29000,75,1250,5000,3000,350,400,400,700,40725,6630, Fund management activities
6810 : Buying and selling of own real estate,400,600,2250,125,600,400,1250,600,100,450,400,7175,6810, Buying and selling of own real estate
6820 : Renting and operating of own or leased real estate,16000,12000,45000,7000,29000,18000,29000,18000,8000,20000,14000,216000,6820, Renting and operating of own or leased real estate
6831 : Real estate agencies,13000,7000,48000,4500,11000,6000,28000,12000,5000,10000,10000,154500,6831, Real estate agencies
6832 : Management of real estate on a fee or contract basis,6000,4500,35000,4000,8000,6000,12000,7000,1500,6000,6000,96000,6832, Management of real estate on a fee or contract basis
6910 : Legal activities,12000,13000,80000,5000,35000,16000,31000,20000,13000,16000,20000,261000,6910, Legal activities
"6920 : Accounting, bookkeeping and auditing activities; tax consultancy",40000,12000,100000,9000,49000,20000,50000,30000,3500,25000,17000,355500,6920," Accounting, bookkeeping and auditing activities; tax consultancy"
7010 : Activities of head offices,29000,24000,84000,4500,17000,10000,42000,11000,4000,23000,21000,269500,7010, Activities of head offices
7021 : Public relations and communication activities,600,450,14000,225,1250,700,2250,1000,200,700,500,21875,7021, Public relations and communication activities
7022 : Business and other management consultancy activities,35000,17000,156000,7000,38000,21000,72000,31000,6000,27000,18000,428000,7022, Business and other management consultancy activities
7111 : Architectural activities,5000,2500,30000,3000,5000,5000,7000,9000,2000,4500,4000,77000,7111, Architectural activities
7112 : Engineering activities and related technical consultancy,32000,18000,55000,26000,36000,48000,51000,43000,12000,30000,25000,376000,7112, Engineering activities and related technical consultancy
7120 : Technical testing and analysis,6000,9000,3000,2500,7000,5000,6000,2250,8000,8000,4500,61250,7120, Technical testing and analysis
7211 : Research and experimental development on biotechnology,1500,50,1250,250,225,700,2500,800,50,50,400,7775,7211, Research and experimental development on biotechnology
7219 : Other research and experimental development on natural sciences and engineering,27000,4000,16000,5000,6000,11000,34000,8000,2000,3000,5000,121000,7219, Other research and experimental development on natural sciences and engineering
7220 : Research and experimental development on social sciences and humanities,1750,100,1250,125,150,1500,1250,450,175,75,175,7000,7220, Research and experimental development on social sciences and humanities
7311 : Advertising agencies,7000,2250,48000,1000,9000,4500,16000,6000,600,4000,12000,110350,7311, Advertising agencies
7312 : Media representation,800,300,9000,175,1250,600,3000,600,10,700,1500,17935,7312, Media representation
7320 : Market research and public opinion polling,2000,1750,20000,1000,2250,1000,12000,1000,175,2250,6000,49425,7320, Market research and public opinion polling
7410 : Specialised design activities,4500,5000,15000,600,3000,1750,7000,2500,1000,3500,3000,46850,7410, Specialised design activities
7420 : Photographic activities,1500,1250,5000,200,1500,600,2500,1750,300,1000,800,16400,7420, Photographic activities
7430 : Translation and interpretation activities,600,150,1250,100,250,125,900,100,225,225,500,4425,7430, Translation and interpretation activities
"7490 : Other professional, scientific and technical activities n.e.c.",9000,8000,20000,1500,9000,7000,14000,8000,2500,9000,5000,93000,7490," Other professional, scientific and technical activities n.e.c."
7500 : Veterinary activities,6000,3500,4000,1250,6000,6000,9000,10000,5000,3000,6000,59750,7500, Veterinary activities
7711 : Renting and leasing of cars and light motor vehicles,3000,4000,3500,600,4000,2000,5000,3500,800,2250,2500,31150,7711, Renting and leasing of cars and light motor vehicles
7712 : Renting and leasing of trucks,1250,700,600,250,1500,400,900,600,250,800,1000,8250,7712, Renting and leasing of trucks
7721 : Renting and leasing of recreational and sports goods,2500,500,1250,25,400,800,2000,1250,800,175,1750,11450,7721, Renting and leasing of recreational and sports goods
7722 : Renting of video tapes and disks,1000,20,300,0,45,50,100,50,125,5,50,1745,7722, Renting of video tapes and disks
7729 : Renting and leasing of other personal and household goods,3500,600,3500,500,1250,1250,2250,1000,1000,1000,2000,17850,7729, Renting and leasing of other personal and household goods
7731 : Renting and leasing of agricultural machinery and equipment,225,35,150,45,225,150,200,100,30,225,125,1510,7731, Renting and leasing of agricultural machinery and equipment
7732 : Renting and leasing of construction and civil engineering machinery and equipment,5000,3000,2500,1500,7000,5000,6000,3000,1500,4000,4500,43000,7732, Renting and leasing of construction and civil engineering machinery and equipment
7733 : Renting and leasing of office machinery and equipment (including computers),450,75,500,15,350,300,1000,75,300,300,225,3590,7733, Renting and leasing of office machinery and equipment (including computers)
7734 : Renting and leasing of water transport equipment,250,10,150,10,100,125,250,75,25,100,50,1145,7734, Renting and leasing of water transport equipment
7735 : Renting and leasing of air transport equipment,125,10,400,0,40,15,250,75,5,25,50,995,7735, Renting and leasing of air transport equipment
"7739 : Renting and leasing of other machinery, equipment and tangible goods n.e.c.",5000,2250,4500,1000,6000,6000,5000,2250,1000,6000,4000,43000,7739," Renting and leasing of other machinery, equipment and tangible goods n.e.c."
"7740 : Leasing of intellectual property and similar products, except copyrighted works",1000,50,600,10,250,125,300,75,15,175,125,2725,7740," Leasing of intellectual property and similar products, except copyrighted works"
7810 : Activities of employment placement agencies,15000,13000,34000,3500,14000,6000,25000,11000,4000,13000,13000,151500,7810, Activities of employment placement agencies
7820 : Temporary employment agency activities,97000,95000,139000,22000,75000,38000,85000,42000,24000,75000,71000,763000,7820, Temporary employment agency activities
7830 : Other human resources provision,1250,600,3500,350,4000,350,2000,450,175,800,600,14075,7830, Other human resources provision
7911 : Travel agency activities,3500,3500,15000,2250,8000,4500,7000,3000,1500,6000,3500,57750,7911, Travel agency activities
7912 : Tour operator activities,2000,2000,8000,400,2500,1250,5000,1500,1250,2500,1000,27400,7912, Tour operator activities
7990 : Other reservation service and related activities,500,400,2250,125,700,1250,150,1250,500,50,100,7275,7990, Other reservation service and related activities
8010 : Private security activities,11000,9000,62000,5000,21000,12000,19000,11000,4500,11000,15000,180500,8010, Private security activities
8020 : Security systems service activities,600,900,2250,150,800,700,1750,900,100,500,450,9100,8020, Security systems service activities
8030 : Investigation activities,175,75,600,50,350,75,300,350,20,40,50,2085,8030, Investigation activities
8110 : Combined facilities support activities,14000,5000,39000,7000,23000,32000,18000,7000,6000,18000,12000,181000,8110, Combined facilities support activities
8121 : General cleaning of buildings,56000,16000,85000,12000,35000,26000,58000,21000,10000,25000,30000,374000,8121, General cleaning of buildings
8122 : Other building and industrial cleaning activities,2500,1500,3500,1750,3000,2250,3000,1500,800,1250,2500,23550,8122, Other building and industrial cleaning activities
8129 : Other cleaning activities,6000,3000,11000,1500,5000,4000,6000,5000,2250,2250,2500,48500,8129, Other cleaning activities
8130 : Landscape service activities,5000,7000,9000,250,6000,3500,12000,10000,2250,3500,3000,61500,8130, Landscape service activities
8211 : Combined office administrative service activities,1500,1250,6000,225,1500,1250,3500,1250,600,1250,5000,23325,8211, Combined office administrative service activities
"8219 : Photocopying, document preparation and other specialised office support activities",1500,1250,4000,700,800,800,1500,1250,100,400,900,13200,8219," Photocopying, document preparation and other specialised office support activities"
8220 : Activities of call centres,4000,5000,6000,8000,16000,17000,12000,7000,5000,8000,17000,105000,8220, Activities of call centres
8230 : Convention and trade show organizers,1250,1250,7000,225,800,800,2500,2000,250,3000,1250,20325,8230, Convention and trade show organizers
8291 : Activities of collection agencies and credit bureaus,900,800,3500,300,3500,1250,2250,225,500,1250,3500,17975,8291, Activities of collection agencies and credit bureaus
8292 : Packaging activities,4500,4000,1000,600,2500,2500,2000,1500,1000,3000,2500,25100,8292, Packaging activities
8299 : Other business support service activities n.e.c.,21000,22000,61000,8000,33000,11000,28000,26000,5000,14000,16000,245000,8299, Other business support service activities n.e.c.
8411 : General public administration activities,41000,41000,110000,41000,75000,88000,64000,43000,53000,50000,56000,662000,8411, General public administration activities
"8412 : Regulation of the activities of providing health care, education, cultural services and other social services, excluding social security",9000,3500,19000,1750,10000,16000,9000,7000,7000,7000,7000,96250,8412," Regulation of the activities of providing health care, education, cultural services and other social services, excluding social security"
8413 : Regulation of and contribution to more efficient operation of businesses,2500,2250,3000,4000,5000,4000,2500,2000,2250,1750,5000,34250,8413, Regulation of and contribution to more efficient operation of businesses
8421 : Foreign affairs,0,0,800,0,0,600,0,0,0,0,0,1400,8421, Foreign affairs
8422 : Defence activities,3500,1500,5000,300,1500,3500,8000,19000,1250,2250,2500,48300,8422, Defence activities
8423 : Justice and judicial activities,6000,7000,15000,4000,9000,5000,9000,4500,2500,9000,8000,79000,8423, Justice and judicial activities
8424 : Public order and safety activities,19000,14000,53000,10000,29000,24000,29000,17000,13000,21000,19000,248000,8424, Public order and safety activities
8425 : Fire service activities,5000,3000,6000,1000,6000,4500,7000,5000,4000,4000,4500,50000,8425, Fire service activities
8430 : Compulsory social security activities,1500,2500,6000,6000,10000,6000,3000,3000,3000,2000,4000,47000,8430, Compulsory social security activities
8510 : Pre-primary education,9000,4000,11000,1250,7000,6000,15000,5000,1000,4500,5000,68750,8510, Pre-primary education
8520 : Primary education,96000,75000,145000,38000,118000,60000,160000,84000,50000,94000,96000,1016000,8520, Primary education
8531 : General secondary education,62000,46000,78000,21000,65000,40000,98000,54000,26000,56000,54000,600000,8531, General secondary education
8532 : Technical and vocational secondary education,14000,13000,22000,10000,18000,15000,24000,18000,10000,17000,18000,179000,8532, Technical and vocational secondary education
8541 : Post-secondary non-tertiary education,3000,3000,7000,500,7000,3000,8000,4500,1250,3500,3000,43750,8541, Post-secondary non-tertiary education
8542 : Tertiary education,30000,29000,72000,19000,40000,49000,72000,27000,23000,31000,36000,428000,8542, Tertiary education
8551 : Sports and recreation education,2000,1500,2250,600,1000,1250,4000,1000,700,1250,2250,17800,8551, Sports and recreation education
8552 : Cultural education,400,600,1500,150,500,450,1000,200,200,450,350,5800,8552, Cultural education
8553 : Driving school activities,400,350,450,250,250,350,1000,350,175,600,450,4625,8553, Driving school activities
8559 : Other education n.e.c.,15000,15000,37000,9000,19000,17000,36000,14000,12000,19000,18000,211000,8559, Other education n.e.c.
8560 : Educational support activities,2250,700,9000,900,2250,600,3500,800,800,1750,3000,25550,8560, Educational support activities
8610 : Hospital activities,110000,93000,190000,71000,182000,161000,164000,130000,76000,122000,124000,1423000,8610, Hospital activities
8621 : General medical practice activities,18000,18000,34000,9000,25000,14000,32000,22000,9000,12000,19000,212000,8621, General medical practice activities
8622 : Specialist medical practice activities,1750,1250,5000,350,2500,900,5000,1500,600,1000,1750,21600,8622, Specialist medical practice activities
8623 : Dental practice activities,7000,6000,15000,3500,11000,8000,15000,9000,4000,4500,8000,91000,8623, Dental practice activities
8690 : Other human health activities,28000,32000,56000,15000,43000,51000,64000,29000,18000,42000,28000,406000,8690, Other human health activities
8710 : Residential nursing care activities,15000,10000,17000,10000,24000,21000,30000,20000,12000,18000,16000,193000,8710, Residential nursing care activities
"8720 : Residential care activities for learning disabilities, mental health and substance abuse",1750,2250,6000,1250,6000,4000,8000,4000,6000,3000,4000,46250,8720," Residential care activities for learning disabilities, mental health and substance abuse"
8730 : Residential care activities for the elderly and disabled,22000,16000,16000,12000,30000,19000,39000,28000,13000,19000,18000,232000,8730, Residential care activities for the elderly and disabled
8790 : Other residential care activities,30000,21000,23000,9000,30000,20000,40000,26000,12000,20000,18000,249000,8790, Other residential care activities
8810 : Social work activities without accommodation for the elderly and disabled,25000,18000,34000,12000,35000,32000,39000,31000,17000,26000,23000,292000,8810, Social work activities without accommodation for the elderly and disabled
8891 : Child day-care activities,18000,10000,28000,7000,25000,18000,25000,14000,6000,12000,19000,182000,8891, Child day-care activities
8899 : Other social work activities without accommodation n.e.c.,35000,25000,78000,18000,43000,58000,49000,31000,21000,26000,44000,428000,8899, Other social work activities without accommodation n.e.c.
9001 : Performing arts,1250,1000,16000,900,3500,3000,4000,2000,1250,3000,1750,37650,9001, Performing arts
9002 : Support activities to performing arts,225,200,3000,700,600,300,700,300,225,225,350,6825,9002, Support activities to performing arts
9003 : Artistic creation,1000,1250,9000,700,2000,1000,2500,1750,900,1000,900,22000,9003, Artistic creation
9004 : Operation of arts facilities,400,600,4500,450,1500,1500,1500,900,1000,600,800,13750,9004, Operation of arts facilities
9101 : Library and archive activities,3000,1500,6000,1250,3000,3500,4000,2250,1750,2500,3000,31750,9101, Library and archive activities
9102 : Museum activities,1250,900,9000,1750,2250,4500,2000,1750,1000,2000,1750,28150,9102, Museum activities
9103 : Operation of historical sites and buildings and similar visitor attractions,1000,900,1500,800,900,2250,3000,1500,250,800,1000,13900,9103, Operation of historical sites and buildings and similar visitor attractions
9104 : Botanical and zoological gardens and nature reserve activities,2500,1750,2000,700,2500,1750,2500,3000,800,1500,1500,20500,9104, Botanical and zoological gardens and nature reserve activities
9200 : Gambling and betting activities,8000,5000,20000,6000,13000,8000,8000,4000,3500,9000,9000,93500,9200, Gambling and betting activities
9311 : Operation of sports facilities,13000,10000,17000,4500,15000,13000,26000,14000,9000,11000,12000,144500,9311, Operation of sports facilities
9312 : Activities of sport clubs,13000,9000,14000,3500,19000,16000,22000,12000,6000,10000,10000,134500,9312, Activities of sport clubs
9313 : Fitness facilities,3500,2500,10000,900,4000,3000,7000,2250,1000,3000,2500,39650,9313, Fitness facilities
9319 : Other sports activities,2500,2000,6000,600,4500,4000,6000,2500,2000,2250,2500,34850,9319, Other sports activities
9321 : Activities of amusement parks and theme parks,1250,1000,1750,150,1250,500,4000,1250,900,3500,2000,17550,9321, Activities of amusement parks and theme parks
9329 : Other amusement and recreation activities,7000,4000,8000,350,3000,2250,7000,3000,3500,6000,11000,55100,9329, Other amusement and recreation activities
9411 : Activities of business and employers membership organisations,600,400,7000,150,1000,500,1750,400,300,700,175,12975,9411, Activities of business and employers membership organisations
9412 : Activities of professional membership organisations,1750,900,16000,125,3000,1500,3500,800,75,1250,100,29000,9412, Activities of professional membership organisations
9420 : Activities of trade unions,400,1250,4000,250,700,700,350,300,500,600,700,9750,9420, Activities of trade unions
9491 : Activities of religious organisations,9000,4500,16000,2250,6000,2250,12000,5000,800,4000,3500,65300,9491, Activities of religious organisations
9492 : Activities of political organisations,700,300,1000,200,800,175,600,400,150,225,250,4800,9492, Activities of political organisations
9499 : Activities of other membership organisations n.e.c.,10000,8000,18000,9000,11000,8000,17000,12000,5000,11000,9000,118000,9499, Activities of other membership organisations n.e.c.
9511 : Repair of computers and peripheral equipment,7000,2500,3500,800,4500,2500,7000,2000,350,2250,450,32850,9511, Repair of computers and peripheral equipment
9512 : Repair of communication equipment,1250,100,700,5,300,125,350,125,0,1250,10,4215,9512, Repair of communication equipment
9521 : Repair of consumer electronics,900,200,200,30,600,150,400,300,5,350,20,3155,9521, Repair of consumer electronics
9522 : Repair of household appliances and home and garden equipment,1250,150,225,75,500,150,600,300,5,150,100,3505,9522, Repair of household appliances and home and garden equipment
9523 : Repair of footwear and leather goods,400,100,250,20,125,35,200,200,0,75,20,1425,9523, Repair of footwear and leather goods
9524 : Repair of furniture and home furnishings,600,175,200,20,600,100,300,350,5,250,50,2650,9524, Repair of furniture and home furnishings
"9525 : Repair of watches, clocks and jewellery",600,50,150,30,250,75,400,75,5,75,25,1735,9525," Repair of watches, clocks and jewellery"
9529 : Repair of other personal and household goods,500,175,300,30,350,200,250,250,5,125,20,2205,9529, Repair of other personal and household goods
9601 : Washing and (dry-)cleaning of textile and fur products,2500,2500,6000,450,3000,2250,4500,3000,1500,3000,1250,29950,9601, Washing and (dry-)cleaning of textile and fur products
9602 : Hairdressing and other beauty treatment,11000,7000,21000,3500,15000,10000,19000,9000,5000,12000,8000,120500,9602, Hairdressing and other beauty treatment
9603 : Funeral and related activities,2250,1750,2250,800,3000,2000,3500,2250,1250,4000,1750,24800,9603, Funeral and related activities
9604 : Physical well-being activities,600,1250,1250,200,500,500,2000,600,200,450,250,7800,9604, Physical well-being activities
9609 : Other personal service activities n.e.c.,11000,5000,14000,2000,11000,6000,19000,7000,3000,10000,6000,94000,9609, Other personal service activities n.e.c.
9700 : Activities of households as employers of domestic personnel,0,0,0,0,0,0,0,0,0,0,0,0,9700, Activities of households as employers of domestic personnel
9810 : Undifferentiated goods-producing activities of private households for own use,0,0,0,0,0,0,0,0,0,0,0,0,9810, Undifferentiated goods-producing activities of private households for own use
9820 : Undifferentiated service-producing activities of private households for own use,0,0,0,0,0,0,0,0,0,0,0,0,9820, Undifferentiated service-producing activities of private households for own use
9900 : Activities of extraterritorial organisations and bodies,0,0,0,0,0,0,0,0,0,0,0,0,9900, Activities of extraterritorial organisations and bodies