Id,Label,timeset,subactivity,mainactivity,mainindustry,modularity_class,Degree,Weighted Degree,Eccentricity,closnesscentrality,harmonicclosnesscentrality,betweenesscentrality,componentnumber,clustering,triangles,eigencentrality
111,,,Growing of cereals and other crops n.e.c.,"Agriculture, Hunting and Forestry","Agriculture, Hunting and Forestry",2,2,1.975556,7,0.265831,0.280329,0,0,1,1,0.007094
112,,,"Growing of vegetables, horticultural specialities and nursery products","Agriculture, Hunting and Forestry","Agriculture, Hunting and Forestry",2,4,3.132984,6,0.343598,0.371659,525.315147,0,0.166667,1,0.077667
113,,,"Growing of wine grapes and table grapes and production of wine from self - produced grapes, Growing of other fruit, nuts, beverage and spice crops","Agriculture, Hunting and Forestry","Agriculture, Hunting and Forestry",10,1,0.954157,7,0.281541,0.300258,0,0,0,0,0.024197
121,,,"Farming of cattle, dairy farming","Agriculture, Hunting and Forestry","Agriculture, Hunting and Forestry",2,1,0.993217,7,0.23847,0.249832,0,0,0,0,0.002966
122,,,"Farming of sheep, goats, horses, asses, mules and hinnies","Agriculture, Hunting and Forestry","Agriculture, Hunting and Forestry",2,1,0.993676,7,0.23847,0.249832,0,0,0,0,0.002966
123,,,Farming of swine,"Agriculture, Hunting and Forestry","Agriculture, Hunting and Forestry",2,1,0.99641,7,0.23847,0.249832,0,0,0,0,0.002966
124,,,Farming of poultry,"Agriculture, Hunting and Forestry","Agriculture, Hunting and Forestry",2,3,2.967764,7,0.284182,0.301673,20.930987,0,0.666667,2,0.01454
125,,,Other farming of animals,"Agriculture, Hunting and Forestry","Agriculture, Hunting and Forestry",2,1,0.99461,7,0.23847,0.249832,0,0,0,0,0.002966
130,,,Growing of crops combined with farming of animals (mixed farming),"Agriculture, Hunting and Forestry","Agriculture, Hunting and Forestry",2,10,9.311606,6,0.312915,0.340566,1899.865429,0,0.066667,3,0.042267
141,,,Agricultural service activities; landscape gardening,"Agriculture, Hunting and Forestry","Agriculture, Hunting and Forestry",8,6,4.241879,5,0.369017,0.398113,445.412562,0,0.2,3,0.122266
142,,,"Farm animal boarding and care,Animal husbandry service activities except veterinary activities n.e.c.","Agriculture, Hunting and Forestry","Agriculture, Hunting and Forestry",10,2,1.937511,6,0.302857,0.320676,0,0,1,1,0.035752
150,,,"Hunting, trapping and game propagation, including related service activities","Agriculture, Hunting and Forestry","Agriculture, Hunting and Forestry",0,0,0,0,0,0,0,1,0,0,0
201,,,Forestry and logging,"Agriculture, Hunting and Forestry","Agriculture, Hunting and Forestry",10,1,0.677837,7,0.249412,0.266953,0,0,0,0,0.008045
202,,,Forestry and logging related service activities,"Agriculture, Hunting and Forestry","Agriculture, Hunting and Forestry",1,0,0,0,0,0,0,2,0,0,0
501,,,Fishing,Fishing,"Agriculture, Hunting and Forestry",0,1,0.999752,1,1,1,0,1,0,0,0.00057
502,,,Fish farming,Fishing,"Agriculture, Hunting and Forestry",0,1,0.999752,1,1,1,0,1,0,0,0.00057
1010,,,Deep coal mines Open cast coal working,Mining and Quarrying,Minning,11,1,0.847475,6,0.29302,0.310928,0,0,0,0,0.021829
1020,,,Mining and agglomeration of lignite,Mining and Quarrying,Minning,3,0,0,0,0,0,0,4,0,0,0
1030,,,Extraction and agglomeration of peat,Mining and Quarrying,Minning,4,0,0,0,0,0,0,5,0,0,0
1110,,,Extraction of crude petroleum and natural gas,Mining and Quarrying,Minning,9,5,4.885396,6,0.299859,0.318475,24.708281,0,0.3,3,0.031938
1120,,,"Service activities incidental to oil and gas extraction, excluding surveying",Mining and Quarrying,Minning,9,5,4.157067,6,0.350993,0.380071,107.377177,0,0.1,1,0.10575
1200,,,Mining of uranium and thorium ores,Mining and Quarrying,Minning,5,0,0,0,0,0,0,6,0,0,0
1310,,,Mining of iron ores,Mining and Quarrying,Minning,6,0,0,0,0,0,0,7,0,0,0
1320,,,"Mining of non-ferrous metal ores, except uranium and thorium ores",Mining and Quarrying,Minning,7,0,0,0,0,0,0,8,0,0,0
1411,,,Quarrying of  ornamental and building stone,Mining and Quarrying,Minning,6,3,2.989509,7,0.260442,0.275062,1.5,0,0.666667,2,0.010684
1412,,,"Quarrying of limestone, gypsum and chalk",Mining and Quarrying,Minning,6,2,1.894031,6,0.321212,0.342846,0,0,1,1,0.042046
1413,,,Quarrying of slate,Mining and Quarrying,Minning,8,0,0,0,0,0,0,9,0,0,0
1421,,,Operation of gravel and sand pits,Mining and Quarrying,Minning,6,9,7.70018,6,0.350703,0.381486,835.036335,0,0.25,9,0.107268
1422,,,Mining of clays and kaolin,Mining and Quarrying,Minning,6,1,0.9948,7,0.259804,0.271917,0,0,0,0,0.005691
1430,,,Mining of chemical and fertilizer minerals,Mining and Quarrying,Minning,9,0,0,0,0,0,0,10,0,0,0
1440,,,Production of salt,Mining and Quarrying,Minning,10,0,0,0,0,0,0,11,0,0,0
1450,,,Other mining and quarrying n.e.c.,Mining and Quarrying,Minning,11,1,0.965458,6,0.29302,0.310928,0,0,0,0,0.021829
1511,,,"Slaughtering of animals other than poultry and rabbits,Animal by-product processing,Fellmongery",Manufacture of Food; Beverages & Tobacco,Manufacture of Food,2,4,3.171528,6,0.299647,0.322013,24.244973,0,0.5,3,0.030378
1512,,,Production and preserving of poultry meat,Manufacture of Food; Beverages & Tobacco,Manufacture of Food,2,7,6.753864,6,0.312915,0.337775,204.861087,0,0.238095,5,0.048313
1513,,,"Bacon and ham production,Other meat and poultry meat processing",Manufacture of Food; Beverages & Tobacco,Manufacture of Food,2,21,15.948354,6,0.368056,0.410888,1801.635466,0,0.190476,40,0.185125
1520,,,Freezing of fish Other fish processing and preserving,Manufacture of Food; Beverages & Tobacco,Manufacture of Food,2,4,3.851053,6,0.289617,0.308176,22.90551,0,0.5,3,0.027469
1531,,,Processing and preserving of potatoes,Manufacture of Food; Beverages & Tobacco,Manufacture of Food,2,2,1.950822,7,0.280609,0.296563,0,0,1,1,0.014561
1532,,,Manufacture of fruit and vegetable juice,Manufacture of Food; Beverages & Tobacco,Manufacture of Food,11,0,0,0,0,0,0,12,0,0,0
1533,,,Processing and preserving of fruit and vegetables n.e.c.,Manufacture of Food; Beverages & Tobacco,Manufacture of Food,2,8,6.958631,6,0.340289,0.370794,194.573406,0,0.464286,13,0.090351
1541,,,Manufacture of crude oils and fats,Manufacture of Food; Beverages & Tobacco,Manufacture of Food,12,0,0,0,0,0,0,13,0,0,0
1542,,,Manufacture of refined oils and fats,Manufacture of Food; Beverages & Tobacco,Manufacture of Food,13,0,0,0,0,0,0,14,0,0,0
1543,,,Manufacture of margarine and similar edible fats,Manufacture of Food; Beverages & Tobacco,Manufacture of Food,2,1,0.996565,7,0.274434,0.287955,0,0,0,0,0.008518
1551,,,"Liquid milk and cream production,Butter and cheese production Manufacture of other milk products",Manufacture of Food; Beverages & Tobacco,Manufacture of Food,2,8,6.524078,6,0.352159,0.381682,276.980623,0,0.464286,13,0.101992
1552,,,Manufacture of ice cream,Manufacture of Food; Beverages & Tobacco,Manufacture of Food,2,2,1.978324,7,0.272494,0.289566,0,0,1,1,0.012925
1561,,,"Grain milling, Manufacture of breakfast cereals and cereals-based food",Manufacture of Food; Beverages & Tobacco,Manufacture of Food,2,6,5.823631,6,0.292818,0.313247,256.266491,0,0.466667,7,0.031684
1562,,,Manufacture of starches and starch products,Manufacture of Food; Beverages & Tobacco,Manufacture of Food,14,0,0,0,0,0,0,15,0,0,0
1571,,,Manufacture of prepared feeds for farm animals,Manufacture of Food; Beverages & Tobacco,Manufacture of Food,2,3,2.984359,7,0.240227,0.25447,40.248775,0,0,0,0.004769
1572,,,Manufacture of prepared pet foods,Manufacture of Food; Beverages & Tobacco,Manufacture of Food,2,2,1.98674,7,0.226859,0.238062,5.888492,0,0,0,0.002937
1581,,,Manufacture of bread; manufacture of fresh pastry goods and cakes,Manufacture of Food; Beverages & Tobacco,Manufacture of Food,2,17,10.734267,5,0.385455,0.422563,1781.460299,0,0.242647,33,0.229153
1582,,,Manufacture of rusks and biscuits; manufacture of preserved pastry goods and cakes,Manufacture of Food; Beverages & Tobacco,Manufacture of Food,2,8,7.239089,6,0.337043,0.365252,231.281994,0,0.5,14,0.083544
1583,,,Manufacture of sugar,Manufacture of Food; Beverages & Tobacco,Manufacture of Food,6,1,0.915308,6,0.319759,0.339898,0,0,0,0,0.036355
1584,,,Manufacture of cocoa and  chocolate confectionery Manufacture of sugar confectionery,Manufacture of Food; Beverages & Tobacco,Manufacture of Food,2,5,4.53264,6,0.290212,0.310142,815.897737,0,0.2,2,0.028288
1585,,,"Manufacture of macaroni, noodles, couscous and similar farinaceous products",Manufacture of Food; Beverages & Tobacco,Manufacture of Food,2,1,0.989109,6,0.278398,0.291667,0,0,0,0,0.011531
1586,,,Tea processing Production of coffee and coffee substitutes,Manufacture of Food; Beverages & Tobacco,Manufacture of Food,2,1,0.994407,7,0.225053,0.23417,0,0,0,0,0.002047
1587,,,Manufacture of condiments and seasonings,Manufacture of Food; Beverages & Tobacco,Manufacture of Food,2,2,1.987182,7,0.275146,0.28992,0,0,1,1,0.010776
1588,,,Manufacture of homogenized food preparations and dietetic food,Manufacture of Food; Beverages & Tobacco,Manufacture of Food,16,0,0,0,0,0,0,16,0,0,0
1589,,,Manufacture of soups Manufacture of other food products n.e.c.,Manufacture of Food; Beverages & Tobacco,Manufacture of Food,2,15,12.266782,6,0.377897,0.414819,1645.939259,0,0.209524,22,0.160517
1591,,,Manufacture of distilled potable alcoholic beverages,Manufacture of Food; Beverages & Tobacco,Manufacture of Food,8,1,0.982448,7,0.277124,0.289252,0,0,0,0,0.008076
1592,,,Production of ethyl alcohol from fermented materials,Manufacture of Food; Beverages & Tobacco,Manufacture of Food,17,0,0,0,0,0,0,17,0,0,0
1593,,,Manufacture of wine of fresh grapes and grape juice Manufacture of wine based on concentrated grape must,Manufacture of Food; Beverages & Tobacco,Manufacture of Food,18,0,0,0,0,0,0,18,0,0,0
1594,,,Manufacture of cider and perry Manufacture of other fermented fruit beverages,Manufacture of Food; Beverages & Tobacco,Manufacture of Food,8,1,0.996844,7,0.277124,0.289252,0,0,0,0,0.008076
1595,,,Manufacture of other non-distilled fermented beverages,Manufacture of Food; Beverages & Tobacco,Manufacture of Food,19,0,0,0,0,0,0,19,0,0,0
1596,,,Manufacture of beer,Manufacture of Food; Beverages & Tobacco,Manufacture of Food,8,3,2.535527,6,0.322925,0.346226,3.932092,0,0.666667,2,0.054896
1597,,,Manufacture of malt,Manufacture of Food; Beverages & Tobacco,Manufacture of Food,20,0,0,0,0,0,0,20,0,0,0
1598,,,Production of mineral waters and soft drinks,Manufacture of Food; Beverages & Tobacco,Manufacture of Food,8,1,0.976438,7,0.277124,0.289252,0,0,0,0,0.008076
1600,,,Manufacture of tobacco products,Manufacture of Textiles & Textile Products,Manufacture of Textiles,6,1,0.9647,6,0.293223,0.310692,0,0,0,0,0.028956
1711,,,Preparation and spinning of cotton-type fibres,Manufacture of Textiles & Textile Products,Manufacture of Textiles and Leather,21,0,0,0,0,0,0,21,0,0,0
1712,,,Preparation and spinning of woollen-type fibres,Manufacture of Textiles & Textile Products,Manufacture of Textiles and Leather,1,2,1.995311,7,0.223747,0.233418,423,0,0,0,0.001975
1713,,,Preparation and spinning of worsted-type fibres,Manufacture of Textiles & Textile Products,Manufacture of Textiles and Leather,1,1,0.998937,8,0.182916,0.188589,0,0,0,0,0.000695
1714,,,Preparation and spinning of flax-type fibres,Manufacture of Textiles & Textile Products,Manufacture of Textiles and Leather,22,0,0,0,0,0,0,22,0,0,0
1715,,,"Throwing and preparation of silk, including from noils, and throwing and texturing of synthetic or artificial filament yarns",Manufacture of Textiles & Textile Products,Manufacture of Textiles and Leather,23,0,0,0,0,0,0,23,0,0,0
1716,,,Manufacture of sewing threads,Manufacture of Textiles & Textile Products,Manufacture of Textiles and Leather,24,0,0,0,0,0,0,24,0,0,0
1717,,,Preparation and spinning of other textile fibres,Manufacture of Textiles & Textile Products,Manufacture of Textiles and Leather,25,0,0,0,0,0,0,25,0,0,0
1721,,,Cotton-type weaving,Manufacture of Textiles & Textile Products,Manufacture of Textiles and Leather,3,2,1.995898,7,0.231947,0.243778,423,0,0,0,0.003024
1722,,,Woollen-type weaving,Manufacture of Textiles & Textile Products,Manufacture of Textiles and Leather,26,0,0,0,0,0,0,26,0,0,0
1723,,,Worsted-type weaving,Manufacture of Textiles & Textile Products,Manufacture of Textiles and Leather,3,1,0.999432,8,0.188361,0.195016,0,0,0,0,0.000745
1724,,,Silk-type weaving,Manufacture of Textiles & Textile Products,Manufacture of Textiles and Leather,3,2,1.997021,7,0.207132,0.216307,423,0,0,0,0.0016
1725,,,Other textile weaving,Manufacture of Textiles & Textile Products,Manufacture of Textiles and Leather,3,3,2.988369,6,0.260763,0.276297,849.374164,0,0,0,0.007557
1730,,,Finishing of textiles,Manufacture of Textiles & Textile Products,Manufacture of Textiles and Leather,3,5,4.664452,6,0.30135,0.325,891.563564,0,0,0,0.03774
1740,,,"Manufacture of soft furnishings, manufacture of canvas goods, sacks, etc.,Manufacture of household textiles",Manufacture of Textiles & Textile Products,Manufacture of Textiles and Leather,3,8,6.761991,6,0.335443,0.363286,1110.63695,0,0.107143,3,0.073804
1751,,,Manufacture of woven/tufted/other carpets and rugs,Manufacture of Textiles & Textile Products,Manufacture of Textiles and Leather,1,2,1.892267,6,0.287653,0.304717,844,0,0,0,0.017888
1752,,,"Manufacture of cordage, rope, twine and netting",Manufacture of Textiles & Textile Products,Manufacture of Textiles and Leather,27,0,0,0,0,0,0,27,0,0,0
1753,,,"Manufacture of non-wovens and articles made from non-wovens, except apparel",Manufacture of Textiles & Textile Products,Manufacture of Textiles and Leather,28,0,0,0,0,0,0,28,0,0,0
1754,,,Manufacture of narrow fabricsManufacture of other textiles n.e.c.Manufacture of lace,Manufacture of Textiles & Textile Products,Manufacture of Textiles and Leather,3,1,0.997775,8,0.17166,0.177154,0,0,0,0,0.000685
1760,,,Manufacture of knitted and crocheted fabrics,Manufacture of Textiles & Textile Products,Manufacture of Textiles and Leather,29,0,0,0,0,0,0,29,0,0,0
1771,,,Manufacture of knitted and crocheted hosiery,Manufacture of Textiles & Textile Products,Manufacture of Textiles and Leather,3,5,4.677704,6,0.333858,0.359002,97.426728,0,0.4,4,0.059635
1772,,,"Manufacture of knitted and crocheted pullovers, cardigans and similar articles",Manufacture of Textiles & Textile Products,Manufacture of Textiles and Leather,3,5,4.114552,6,0.293223,0.316274,52.107425,0,0.4,4,0.029464
1810,,,Manufacture of leather clothes,Manufacture of Textiles & Textile Products,Manufacture of Textiles and Leather,30,0,0,0,0,0,0,30,0,0,0
1821,,,Manufacture of workwear,Manufacture of Textiles & Textile Products,Manufacture of Textiles and Leather,3,1,0.987576,7,0.238336,0.249596,0,0,0,0,0.003741
1822,,,Manufacture of other men's outerwear Manufacture of other women's outerwear,Manufacture of Textiles & Textile Products,Manufacture of Textiles and Leather,3,8,6.778273,6,0.312684,0.339465,468.472358,0,0.357143,10,0.063321
1823,,,Manufacture of men's underwear Manufacture of women's underwear,Manufacture of Textiles & Textile Products,Manufacture of Textiles and Leather,3,6,4.492437,6,0.347541,0.375865,260.345996,0,0.333333,5,0.081306
1824,,,Manufacture of hats Cut make and trim for clothing manufacturers Manufacture of other wearing apparel and accessories n.e.c.,Manufacture of Textiles & Textile Products,Manufacture of Textiles and Leather,3,6,4.152901,6,0.313146,0.341195,33.341986,0,0.533333,8,0.069413
1830,,,Dressing and dyeing of fur; manufacture of articles of fur,Manufacture of Textiles & Textile Products,Manufacture of Textiles and Leather,31,0,0,0,0,0,0,31,0,0,0
1910,,,Tanning and dressing of leather,Manufacture of Leather & Leather Products,Manufacture of Textiles and Leather,6,1,0.895177,6,0.319759,0.339898,0,0,0,0,0.036355
1920,,,"Manufacture of luggage, handbags and the like, saddlery and harness",Manufacture of Leather & Leather Products,Manufacture of Textiles and Leather,10,1,0.93738,6,0.30135,0.319458,0,0,0,0,0.030549
1930,,,Manufacture of footwear,Manufacture of Leather & Leather Products,Manufacture of Textiles and Leather,3,1,0.968751,6,0.268865,0.281329,0,0,0,0,0.008499
2010,,,Sawmilling and planing of wood; impregnation of wood,Manufacture of Wood & Wood Product,,11,3,2.935333,6,0.290411,0.309002,16.343417,0,0.333333,1,0.024667
2020,,,"Manufacture of veneer sheets; manufacture of plywood, laminboard, particle board, fibre board and other panels and boards",Manufacture of Wood & Wood Product,,11,1,0.988795,6,0.251931,0.264898,0,0,0,0,0.006082
2030,,,Manufacture of builders' carpentry and joinery,Manufacture of Wood & Wood Product,,11,13,11.729285,5,0.336508,0.370086,719.987691,0,0.282051,22,0.109749
2040,,,Manufacture of wooden containers,Manufacture of Wood & Wood Product,,33,0,0,0,0,0,0,32,0,0,0
2051,,,Manufacture of other products of wood,Manufacture of Wood & Wood Product,,34,0,0,0,0,0,0,33,0,0,0
2052,,,"Manufacture of articles of cork, straw and plaiting materials",Manufacture Paper; Publishing; Printing,,35,0,0,0,0,0,0,34,0,0,0
2111,,,Manufacture of pulp,Manufacture Paper; Publishing; Printing,,6,1,0.999332,7,0.220948,0.230211,0,0,0,0,0.001692
2112,,,"Manufacture of paper and paperboard, cartons, boxes and cases of corrugated paper and paperboard,and similar containers of paper and paperboard specifically designed for carrying liquids, whether or not waxed",Manufacture Paper; Publishing; Printing,,6,9,8.121345,6,0.340289,0.369182,407.268043,0,0.305556,11,0.080915
2121,,,Manufacture of other containers,Manufacture Paper; Publishing; Printing,,6,7,5.833128,6,0.336241,0.363286,128.37643,0,0.333333,7,0.073329
2122,,,Manufacture of household and sanitary goods and of toilet requisites,Manufacture Paper; Publishing; Printing,,6,5,4.89406,6,0.283422,0.303577,446.171948,0,0.2,2,0.019753
2123,,,Manufacture of paper stationery,Manufacture Paper; Publishing; Printing,,6,4,3.723792,6,0.3217,0.347248,22.70306,0,0.333333,2,0.072215
2124,,,Manufacture of wallpaper,Manufacture Paper; Publishing; Printing,,36,0,0,0,0,0,0,35,0,0,0
2125,,,Manufacture of unprinted labels Manufacture of other articles of paper and paperboard n.e.c. Manufacture of printed labels,Manufacture Paper; Publishing; Printing,,6,7,6.749614,6,0.299224,0.32272,434.358522,0,0.380952,8,0.039365
2211,,,Publishing of books,Manufacture Paper; Publishing; Printing,,6,10,5.969195,5,0.367418,0.399646,297.930786,0,0.311111,14,0.171111
2212,,,Publishing of newspapers,Manufacture Paper; Publishing; Printing,,6,10,6.475226,5,0.373568,0.40511,628.431682,0,0.311111,14,0.167941
2213,,,Publishing of journals and periodicals,Manufacture Paper; Publishing; Printing,,6,13,8.177644,5,0.370954,0.405385,217.705675,0,0.423077,33,0.233591
2214,,,Publishing of sound recordings,Manufacture Paper; Publishing; Printing,,37,0,0,0,0,0,0,36,0,0,0
2215,,,Other publishing,Manufacture Paper; Publishing; Printing,,6,3,2.889318,6,0.294649,0.312421,0,0,1,3,0.033585
2221,,,Printing of newspapers,Manufacture Paper; Publishing; Printing,,6,1,0.99033,6,0.272144,0.284119,0,0,0,0,0.008304
2222,,,Other printing,Manufacture Paper; Publishing; Printing,,6,24,15.669383,5,0.386861,0.430857,2888.880259,0,0.15942,44,0.280787
2223,,,Bookbinding,Manufacture Paper; Publishing; Printing,,6,1,0.978206,6,0.279131,0.2943,0,0,0,0,0.013958
2224,,,Pre-press activities,Manufacture Paper; Publishing; Printing,,6,2,1.950033,6,0.279315,0.29548,0,0,1,1,0.015227
2225,,,Ancillary activities related to printing,Manufacture Paper; Publishing; Printing,,6,2,1.975045,6,0.279315,0.29548,0,0,1,1,0.015227
2231,,,Reproduction of sound recording,Manufacture Paper; Publishing; Printing,,1,1,0.992708,7,0.265,0.277813,0,0,0,0,0.009162
2232,,,Reproduction of video recording,Manufacture Paper; Publishing; Printing,,39,0,0,0,0,0,0,37,0,0,0
2233,,,Reproduction of computer media,Manufacture Paper; Publishing; Printing,,40,0,0,0,0,0,0,38,0,0,0
2310,,,Manufacture of coke oven products,Manufacture Paper; Publishing; Printing,,41,0,0,0,0,0,0,39,0,0,0
2320,,,Mineral oil refining,"Manufacture Chemicals, Prods & Man-Made",Manufacture Chemicals/Plastics,9,8,6.419059,6,0.346122,0.375393,183.616924,0,0.321429,9,0.086509
2330,,,Processing of nuclear fuel,"Manufacture Chemicals, Prods & Man-Made",Manufacture Chemicals/Plastics,9,3,2.764439,7,0.296089,0.317554,5.730933,0,0.333333,1,0.037229
2411,,,Manufacture of industrial gases,"Manufacture Chemicals, Prods & Man-Made",Manufacture Chemicals/Plastics,42,0,0,0,0,0,0,40,0,0,0
2412,,,Manufacture of dyes and pigments,"Manufacture Chemicals, Prods & Man-Made",Manufacture Chemicals/Plastics,7,4,3.900623,6,0.284564,0.303184,12.452742,0,0.333333,2,0.019661
2413,,,Manufacture of other inorganic basic chemicals,"Manufacture Chemicals, Prods & Man-Made",Manufacture Chemicals/Plastics,7,5,4.924281,6,0.289815,0.310495,25.503912,0,0.4,4,0.027501
2414,,,Manufacture of other organic basic chemicals,"Manufacture Chemicals, Prods & Man-Made",Manufacture Chemicals/Plastics,7,13,11.923699,6,0.353333,0.387579,520.098441,0,0.179487,14,0.122424
2415,,,Manufacture of fertilizers and nitrogen compounds,"Manufacture Chemicals, Prods & Man-Made",Manufacture Chemicals/Plastics,43,0,0,0,0,0,0,41,0,0,0
2416,,,Manufacture of plastics in primary forms,"Manufacture Chemicals, Prods & Man-Made",Manufacture Chemicals/Plastics,7,14,12.149758,5,0.372256,0.40853,1110.561473,0,0.186813,17,0.146564
2417,,,Manufacture of synthetic rubber in primary forms,"Manufacture Chemicals, Prods & Man-Made",Manufacture Chemicals/Plastics,7,2,1.987056,6,0.277851,0.293396,0,0,1,1,0.014522
2420,,,Manufacture of pesticides and other agro-chemical products,"Manufacture Chemicals, Prods & Man-Made",Manufacture Chemicals/Plastics,7,5,4.754091,6,0.316418,0.338208,100.172703,0,0.2,2,0.03945
2430,,,"Manufacture of paints, varnishes and similar coatings, Manufacture of mastics and sealants,Manufacture of printing ink","Manufacture Chemicals, Prods & Man-Made",Manufacture Chemicals/Plastics,7,10,7.990014,6,0.368696,0.401258,732.992887,0,0.177778,8,0.128368
2441,,,Manufacture of basic pharmaceutical products,"Manufacture Chemicals, Prods & Man-Made",Manufacture Chemicals/Plastics,7,6,5.122416,6,0.34584,0.37217,68.601728,0,0.333333,5,0.08061
2442,,,Manufacture of medicaments,"Manufacture Chemicals, Prods & Man-Made",Manufacture Chemicals/Plastics,7,14,11.618176,5,0.347826,0.382351,750.877311,0,0.120879,11,0.110706
2451,,,"Manufacture of soap and detergents,  cleaning and polishing preparations , perfumes and toilet preparations","Manufacture Chemicals, Prods & Man-Made",Manufacture Chemicals/Plastics,7,7,6.278853,6,0.343598,0.371069,142.504238,0,0.190476,4,0.07847
2461,,,Manufacture of explosives,"Manufacture Chemicals, Prods & Man-Made",Manufacture Chemicals/Plastics,44,0,0,0,0,0,0,42,0,0,0
2462,,,Manufacture of glues and gelatines,"Manufacture Chemicals, Prods & Man-Made",Manufacture Chemicals/Plastics,7,1,0.992592,7,0.269549,0.282019,0,0,0,0,0.006745
2463,,,Manufacture of essential oils,"Manufacture Chemicals, Prods & Man-Made",Manufacture Chemicals/Plastics,45,0,0,0,0,0,0,43,0,0,0
2464,,,Manufacture of photographic chemical material,"Manufacture Chemicals, Prods & Man-Made",Manufacture Chemicals/Plastics,5,5,4.676643,6,0.319037,0.344772,134.093913,0,0.1,1,0.059348
2465,,,Manufacture of prepared unrecorded media,"Manufacture Chemicals, Prods & Man-Made",Manufacture Chemicals/Plastics,46,0,0,0,0,0,0,44,0,0,0
2466,,,Manufacture of other chemical products n.e.c.,"Manufacture Chemicals, Prods & Man-Made",Manufacture Chemicals/Plastics,7,7,6.839091,6,0.295883,0.318357,30.698674,0,0.380952,8,0.03533
2470,,,Manufacture of man-made fibres,"Manufacture Chemicals, Prods & Man-Made",Manufacture Chemicals/Plastics,47,0,0,0,0,0,0,45,0,0,0
2511,,,Manufacture of rubber tyres and tubes,Manufacture of Rubber & Plastic Products,Manufacture Chemicals/Plastics,1,1,0.981745,7,0.271273,0.285518,0,0,0,0,0.011476
2512,,,Retreading and rebuilding of rubber tyres,Manufacture of Rubber & Plastic Products,Manufacture Chemicals/Plastics,48,0,0,0,0,0,0,46,0,0,0
2513,,,Manufacture of other rubber products,Manufacture of Rubber & Plastic Products,Manufacture Chemicals/Plastics,1,3,2.74612,5,0.308588,0.328774,0.696078,0,0.666667,2,0.045533
2521,,,"Manufacture of plastic plates, sheets, tubes and profiles",Manufacture of Rubber & Plastic Products,Manufacture Chemicals/Plastics,6,14,12.037286,5,0.373568,0.409159,753.391724,0,0.241758,22,0.168907
2522,,,Manufacture of plastic packing goods,Manufacture of Rubber & Plastic Products,Manufacture Chemicals/Plastics,6,8,6.85623,5,0.350703,0.380464,630.470774,0,0.214286,6,0.095442
2523,,,"Manufacture of plastic floor covering,Manufacture of other builders' ware of plastic",Manufacture of Rubber & Plastic Products,Manufacture Chemicals/Plastics,11,16,11.636734,5,0.396262,0.433884,1478.207328,0,0.208333,25,0.215994
2524,,,Manufacture of other plastic products,Manufacture of Rubber & Plastic Products,Manufacture Chemicals/Plastics,1,33,25.703031,5,0.387215,0.438247,2699.002599,0,0.107955,57,0.321762
2611,,,Manufacture of flat glass,Manufacture Other Non-Metal Mineral Products,Manufacture Other,11,1,0.998382,7,0.230435,0.239634,0,0,0,0,0.00221
2612,,,Shaping and processing of flat glass,Manufacture Other Non-Metal Mineral Products,Manufacture Other,11,4,3.880442,6,0.299224,0.319222,423,0,0.5,3,0.033744
2613,,,Manufacture of hollow glass,Manufacture Other Non-Metal Mineral Products,Manufacture Other,3,1,0.933453,7,0.272844,0.287483,0,0,0,0,0.013639
2614,,,Manufacture of glass fibres,Manufacture Other Non-Metal Mineral Products,Manufacture Other,6,3,2.949379,5,0.300071,0.319851,8.075473,0,0.333333,1,0.031852
2615,,,"Manufacture and processing of other glass, including technical glassware",Manufacture Other Non-Metal Mineral Products,Manufacture Other,1,2,1.955643,6,0.29424,0.313208,1.46148,0,0,0,0.028322
2621,,,Manufacture of ceramic household and ornamental articles,Manufacture Other Non-Metal Mineral Products,Manufacture Other,3,2,1.274999,6,0.331768,0.352869,7.569447,0,0,0,0.049995
2622,,,Manufacture of ceramic sanitary fixtures,Manufacture Other Non-Metal Mineral Products,Manufacture Other,11,1,0.998874,8,0.184028,0.18992,0,0,0,0,0.00071
2623,,,Manufacture of ceramic insulators and insulating fittings,Manufacture Other Non-Metal Mineral Products,Manufacture Other,50,0,0,0,0,0,0,47,0,0,0
2624,,,Manufacture of other technical ceramic products,Manufacture Other Non-Metal Mineral Products,Manufacture Other,51,0,0,0,0,0,0,48,0,0,0
2625,,,Manufacture of other ceramic products,Manufacture Other Non-Metal Mineral Products,Manufacture Other,52,0,0,0,0,0,0,49,0,0,0
2626,,,Manufacture of refractory ceramic products,Manufacture Other Non-Metal Mineral Products,Manufacture Other,53,0,0,0,0,0,0,50,0,0,0
2630,,,Manufacture of ceramic tiles and flags,Manufacture Other Non-Metal Mineral Products,Manufacture Other,54,0,0,0,0,0,0,51,0,0,0
2640,,,"Manufacture of bricks, tiles and construction products, in baked clay",Manufacture Other Non-Metal Mineral Products,Manufacture Other,6,3,2.944646,6,0.288043,0.305346,15.373981,0,0.333333,1,0.019456
2651,,,Manufacture of cement,Manufacture Other Non-Metal Mineral Products,Manufacture Other,9,1,0.996985,7,0.244099,0.254509,0,0,0,0,0.003262
2652,,,Manufacture of lime,Manufacture Other Non-Metal Mineral Products,Manufacture Other,55,0,0,0,0,0,0,52,0,0,0
2653,,,Manufacture of plaster,Manufacture Other Non-Metal Mineral Products,Manufacture Other,56,0,0,0,0,0,0,53,0,0,0
2661,,,Manufacture of concrete products for construction purposes,Manufacture Other Non-Metal Mineral Products,Manufacture Other,6,5,4.707464,6,0.322433,0.34717,580.699819,0,0.2,2,0.045388
2662,,,Manufacture of plaster products for construction purposes,Manufacture Other Non-Metal Mineral Products,Manufacture Other,57,0,0,0,0,0,0,54,0,0,0
2663,,,Manufacture of ready-mixed concrete,Manufacture Other Non-Metal Mineral Products,Manufacture Other,6,3,2.936301,6,0.299859,0.319851,59.87676,0,0.666667,2,0.035784
2664,,,Manufacture of mortars,Manufacture Other Non-Metal Mineral Products,Manufacture Other,58,0,0,0,0,0,0,55,0,0,0
2665,,,Manufacture of fibre cement,Manufacture Other Non-Metal Mineral Products,Manufacture Other,59,0,0,0,0,0,0,56,0,0,0
2666,,,"Manufacture of other articles of concrete, plaster and cement",Manufacture Other Non-Metal Mineral Products,Manufacture Other,6,1,0.998205,7,0.243959,0.254565,0,0,0,0,0.002819
2670,,,"Cutting, shaping and finishing of ornamental and building stone",Manufacture Other Non-Metal Mineral Products,Manufacture Other,61,0,0,0,0,0,0,57,0,0,0
2681,,,Production of abrasive products,Manufacture Other Non-Metal Mineral Products,Manufacture Other,1,1,0.980999,6,0.279315,0.296226,0,0,0,0,0.01634
2682,,,manufacture of asbestos,Manufacture Other Non-Metal Mineral Products,Manufacture Other,10,1,0.902593,6,0.30135,0.319458,0,0,0,0,0.030549
2710,,,Manufacture of basic iron and steel and of ferro-alloys,Basic Metals & Fabricated Products,Metals,1,6,4.777029,6,0.309038,0.334827,176.092535,0,0.266667,4,0.047903
2721,,,Manufacture of cast iron tubes,Basic Metals & Fabricated Products,Metals,1,1,0.99808,7,0.223747,0.232513,0,0,0,0,0.001533
2722,,,Manufacture of steel tubes,Basic Metals & Fabricated Products,Metals,1,4,3.914011,7,0.279499,0.300416,46.02472,0,0.166667,1,0.021865
2731,,,Cold drawing,Basic Metals & Fabricated Products,Metals,62,0,0,0,0,0,0,58,0,0,0
2732,,,Cold rolling of narrow strip,Basic Metals & Fabricated Products,Metals,1,2,1.984722,6,0.265,0.281447,2.360682,0,0,0,0.012478
2733,,,Cold forming or folding,Basic Metals & Fabricated Products,Metals,63,0,0,0,0,0,0,59,0,0,0
2734,,,Wire drawing,Basic Metals & Fabricated Products,Metals,64,0,0,0,0,0,0,60,0,0,0
2741,,,Precious metals production,Basic Metals & Fabricated Products,Metals,65,0,0,0,0,0,0,61,0,0,0
2742,,,Aluminium production,Basic Metals & Fabricated Products,Metals,6,5,4.496501,5,0.337849,0.36305,151.946035,0,0.1,1,0.063115
2743,,,"Lead, zinc and tin production",Basic Metals & Fabricated Products,Metals,66,0,0,0,0,0,0,62,0,0,0
2744,,,Copper production,Basic Metals & Fabricated Products,Metals,1,1,0.989691,6,0.2711,0.284748,0,0,0,0,0.009056
2745,,,Other non-ferrous metal production,Basic Metals & Fabricated Products,Metals,1,1,0.996126,7,0.241458,0.253425,0,0,0,0,0.00475
2751,,,Casting of iron,Basic Metals & Fabricated Products,Metals,1,3,2.926718,6,0.288043,0.306486,437.101845,0,0,0,0.019523
2752,,,Casting of steel,Basic Metals & Fabricated Products,Metals,67,0,0,0,0,0,0,63,0,0,0
2753,,,Casting of light metals,Basic Metals & Fabricated Products,Metals,1,1,0.998969,8,0.213817,0.221021,0,0,0,0,0.001021
2754,,,Casting of other non-ferrous metals,Basic Metals & Fabricated Products,Metals,1,2,1.930129,7,0.271795,0.285714,423,0,0,0,0.009628
2811,,,Manufacture of metal structures and parts of structures,"Manufacture Fabricated Metal, Not Machines",Metals,1,26,20.938799,6,0.374889,0.420519,1683.535091,0,0.156923,51,0.260301
2812,,,Manufacture of builders' carpentry and joinery of metal,"Manufacture Fabricated Metal, Not Machines",Metals,11,5,4.871086,6,0.305916,0.326887,18.777165,0,0.3,3,0.045229
2821,,,"Manufacture of tanks, reservoirs and containers of metal","Manufacture Fabricated Metal, Not Machines",Metals,1,2,1.96276,6,0.282667,0.30055,0,0,1,1,0.022875
2822,,,Manufacture of central heating radiators and boilers,"Manufacture Fabricated Metal, Not Machines",Metals,11,2,1.995216,7,0.225412,0.235585,423,0,0,0,0.002305
2830,,,"Manufacture of steam generators, except central heating hot water boilers","Manufacture Fabricated Metal, Not Machines",Metals,11,3,2.9031,6,0.290411,0.309119,845.775574,0,0,0,0.024315
2840,,,"Forging, pressing, stamping and roll forming of metal; powder metallurgy","Manufacture Fabricated Metal, Not Machines",Metals,1,9,7.23146,5,0.367736,0.398113,120.777204,0,0.472222,17,0.155444
2851,,,Treatment and coating of metals,"Manufacture Fabricated Metal, Not Machines",Metals,1,2,1.509196,5,0.305036,0.324371,3.106661,0,0,0,0.032714
2852,,,General mechanical engineering,"Manufacture Fabricated Metal, Not Machines",Metals,1,28,20.747794,5,0.375221,0.424017,1337.520208,0,0.206349,78,0.312916
2861,,,Manufacture of cutlery,"Manufacture Fabricated Metal, Not Machines",Metals,68,0,0,0,0,0,0,64,0,0,0
2862,,,Manufacture of tools,"Manufacture Fabricated Metal, Not Machines",Metals,1,8,7.507171,6,0.31808,0.346934,463.136226,0,0.285714,8,0.087227
2863,,,Manufacture of locks and hinges,"Manufacture Fabricated Metal, Not Machines",Metals,11,2,1.86967,6,0.29181,0.310535,1.120147,0,0,0,0.029406
2871,,,Manufacture of steel drums and similar containers,"Manufacture Fabricated Metal, Not Machines",Metals,69,0,0,0,0,0,0,65,0,0,0
2872,,,Manufacture of light metal packaging,"Manufacture Fabricated Metal, Not Machines",Metals,6,1,0.991715,6,0.259804,0.271619,0,0,0,0,0.005169
2873,,,Manufacture of wire products,"Manufacture Fabricated Metal, Not Machines",Metals,1,2,1.966315,6,0.291409,0.309748,0,0,1,1,0.025397
2874,,,"Manufacture of fasteners, screw machine products, chain and springs","Manufacture Fabricated Metal, Not Machines",Metals,11,3,2.861135,6,0.306137,0.326454,14.732689,0,0,0,0.03641
2875,,,Manufacture of other fabricated metal products n.e.c.,"Manufacture Fabricated Metal, Not Machines",Metals,1,15,13.009464,5,0.371604,0.408687,984.194094,0,0.209524,22,0.175586
2911,,,"Manufacture of engines and turbines, except aircraft, vehicle and cycle engines",Manufacture of Machinery & Equipment,"Manufacture of Machinery, Electrical",1,12,9.618395,6,0.383017,0.416627,195.997203,0,0.363636,24,0.230961
2912,,,Manufacture of pumps and compressors,Manufacture of Machinery & Equipment,"Manufacture of Machinery, Electrical",1,15,10.356346,5,0.380269,0.416392,673.36915,0,0.295238,31,0.244743
2913,,,Manufacture of taps and valves,Manufacture of Machinery & Equipment,"Manufacture of Machinery, Electrical",1,5,4.652139,6,0.308813,0.331564,4.80956,0,0.5,5,0.065157
2914,,,"Manufacture of bearings, gears, gearing and driving elements",Manufacture of Machinery & Equipment,"Manufacture of Machinery, Electrical",1,6,5.66922,6,0.316891,0.342649,25.342998,0,0.466667,7,0.073688
2921,,,Manufacture of furnaces and furnace burners,Manufacture of Machinery & Equipment,"Manufacture of Machinery, Electrical",71,0,0,0,0,0,0,66,0,0,0
2922,,,Manufacture of lifting and handling equipment,Manufacture of Machinery & Equipment,"Manufacture of Machinery, Electrical",1,13,10.322021,6,0.363325,0.396934,251.62948,0,0.307692,24,0.182479
2923,,,Manufacture of non-domestic cooling and ventilation equipment,Manufacture of Machinery & Equipment,"Manufacture of Machinery, Electrical",1,12,9.783309,5,0.372583,0.40739,369.775487,0,0.151515,10,0.176002
2924,,,Manufacture of other general purpose machinery n.e.c.,Manufacture of Machinery & Equipment,"Manufacture of Machinery, Electrical",1,17,14.990395,5,0.344715,0.382351,668.617298,0,0.235294,32,0.184466
2931,,,Manufacture of agricultural tractors,Manufacture of Machinery & Equipment,"Manufacture of Machinery, Electrical",11,3,2.837249,6,0.294036,0.314465,414.863599,0,0.333333,1,0.023537
2932,,,Manufacture of other agricultural and forestry machinery,Manufacture of Machinery & Equipment,"Manufacture of Machinery, Electrical",1,5,4.624481,6,0.344715,0.371344,441.076741,0,0.2,2,0.085847
2941,,,Manufacture of portable hand held power tools,Manufacture of Machinery & Equipment,"Manufacture of Machinery, Electrical",1,1,0.998092,7,0.242563,0.25429,0,0,0,0,0.004721
2942,,,Manufacture of other metalworking machine tools,Manufacture of Machinery & Equipment,"Manufacture of Machinery, Electrical",1,1,0.997775,7,0.242563,0.25429,0,0,0,0,0.004721
2943,,,Manufacture of other machine tools n.e.c.,Manufacture of Machinery & Equipment,"Manufacture of Machinery, Electrical",1,1,0.997799,7,0.242563,0.25429,0,0,0,0,0.004721
2951,,,Manufacture of machinery for metallurgy,Manufacture of Machinery & Equipment,"Manufacture of Machinery, Electrical",5,1,0.997919,7,0.23056,0.241161,0,0,0,0,0.003294
2952,,,Manufacture of machinery for mining,Manufacture of Machinery & Equipment,"Manufacture of Machinery, Electrical",1,8,7.599783,6,0.313609,0.341509,112.102221,0,0.142857,4,0.068394
2953,,,"Manufacture of machinery for food, beverage and tobacco processing",Manufacture of Machinery & Equipment,"Manufacture of Machinery, Electrical",1,6,5.431286,6,0.342765,0.368907,54.782558,0,0.466667,7,0.089583
2954,,,"Manufacture of machinery for textile, apparel and leather production",Manufacture of Machinery & Equipment,"Manufacture of Machinery, Electrical",72,0,0,0,0,0,0,67,0,0,0
2955,,,Manufacture of machinery for paper and paperboard production,Manufacture of Machinery & Equipment,"Manufacture of Machinery, Electrical",73,0,0,0,0,0,0,68,0,0,0
2956,,,Manufacture of other special purpose machinery n.e.c.,Manufacture of Machinery & Equipment,"Manufacture of Machinery, Electrical",1,15,12.773496,5,0.367736,0.404481,455.18678,0,0.295238,31,0.201098
2960,,,Manufacture of weapons and ammunition,Manufacture of Machinery & Equipment,"Manufacture of Machinery, Electrical",1,3,2.842831,6,0.300071,0.32103,1.762472,0,0.333333,1,0.045204
2971,,,Manufacture of electric domestic appliances,Manufacture of Machinery & Equipment,"Manufacture of Machinery, Electrical",1,12,9.553462,6,0.379249,0.413365,181.33948,0,0.30303,20,0.21735
2972,,,Manufacture of non-electric domestic appliances,Manufacture of Machinery & Equipment,"Manufacture of Machinery, Electrical",74,0,0,0,0,0,0,69,0,0,0
3001,,,Manufacture of office machinery,Manufacture Electrical & Optical Equipment,"Manufacture of Machinery, Electrical",5,6,5.528077,6,0.299435,0.323624,441.940543,0,0.2,3,0.058484
3002,,,Manufacture of computers and other information processing equipment,Manufacture Electrical & Optical Equipment,"Manufacture of Machinery, Electrical",5,17,13.488536,6,0.374889,0.414465,155.733858,0,0.375,51,0.314995
3110,,,"Manufacture of electric motors, generators and transformers",Manufacture of Electrical Machinery etc.,"Manufacture of Machinery, Electrical",1,22,16.419882,5,0.371278,0.413836,440.973055,0,0.246753,57,0.318091
3120,,,Manufacture of electricity distribution and control apparatus,Manufacture of Electrical Machinery etc.,"Manufacture of Machinery, Electrical",1,22,17.35946,5,0.373239,0.415487,443.947724,0,0.298701,69,0.317131
3130,,,Manufacture of insulated wire and cable,Manufacture of Electrical Machinery etc.,"Manufacture of Machinery, Electrical",1,5,4.777433,5,0.303508,0.326887,4.362647,0,0.7,7,0.066626
3140,,,"Manufacture of accumulators, primary cells and primary batteries",Manufacture of Electrical Machinery etc.,"Manufacture of Machinery, Electrical",75,0,0,0,0,0,0,70,0,0,0
3150,,,Manufacture of lighting equipment and electric lamps,Manufacture of Electrical Machinery etc.,"Manufacture of Machinery, Electrical",1,4,3.187051,5,0.34584,0.37217,10.517264,0,0.333333,2,0.086331
3161,,,Manufacture of electrical equipment for engines and vehicles n.e.c.,Manufacture of Electrical Machinery etc.,"Manufacture of Machinery, Electrical",1,9,7.869085,5,0.356003,0.386046,140.033029,0,0.416667,15,0.13196
3162,,,Manufacture of other electrical equipment n.e.c.,Manufacture of Electrical Machinery etc.,"Manufacture of Machinery, Electrical",1,16,13.135565,6,0.344715,0.383844,147.217092,0,0.366667,44,0.237509
3210,,,Manufacture of electronic valves and tubes and other electronic components,"Manufacture of Radio, TV & Equipment","Manufacture of Machinery, Electrical",1,16,12.936658,6,0.363325,0.402005,318.642089,0,0.391667,47,0.247391
3220,,,Manufacture of telegraph and telephone apparatus and equipment,"Manufacture of Radio, TV & Equipment","Manufacture of Machinery, Electrical",1,18,13.892743,6,0.34332,0.384591,293.590209,0,0.359477,55,0.26763
3230,,,"Manufacture of television and radio receivers, sound or video recording or reproducing apparatus and associated goods","Manufacture of Radio, TV & Equipment","Manufacture of Machinery, Electrical",1,12,9.462637,5,0.378571,0.412068,143.911492,0,0.409091,27,0.230242
3310,,,Manufacture of medical and surgical equipment and orthopaedic appliances,Manufacture Medical & Precision Instruments,"Manufacture of Machinery, Electrical",1,9,7.591919,5,0.33281,0.362814,328.219327,0,0.305556,11,0.106658
3320,,,"Manufacture of electronic instruments and appliances for measuring, checking, testing, navigating and other purposes, except industrial process control equipment",Manufacture Medical & Precision Instruments,"Manufacture of Machinery, Electrical",1,36,23.546622,5,0.403042,0.454835,1861.391261,0,0.204762,129,0.515913
3330,,,Manufacture of electronic industrial process control equipment,Manufacture Medical & Precision Instruments,"Manufacture of Machinery, Electrical",1,3,2.859285,6,0.304598,0.326572,0,0,1,3,0.059164
3340,,,Manufacture of spectacles and unmounted lenses,Manufacture Medical & Precision Instruments,"Manufacture of Machinery, Electrical",5,4,2.389812,6,0.359322,0.386596,64.345606,0,0.166667,1,0.101421
3350,,,Manufacture of watches and clocks,Manufacture Medical & Precision Instruments,"Manufacture of Machinery, Electrical",76,0,0,0,0,0,0,71,0,0,0
3410,,,Manufacture of motor vehicles,Manufacture of Transport Equipment,Manufacture of Transport Equipment,1,13,8.171687,6,0.372256,0.406368,1050.944241,0,0.282051,22,0.178883
3420,,,Manufacture of bodies (coachwork) for motor vehicles (except caravans),Manufacture of Transport Equipment,Manufacture of Transport Equipment,9,6,4.72283,6,0.331509,0.358373,36.544268,0,0.6,9,0.083128
3430,,,Manufacture of parts and accessories for motor vehicles and their engines,Manufacture of Transport Equipment,Manufacture of Transport Equipment,1,30,22.303383,5,0.401896,0.449253,3630.270274,0,0.154023,67,0.343087
3511,,,Building and repairing of ships,Manufacture of Other Transport Equipment,Manufacture of Transport Equipment,10,6,4.486025,6,0.322925,0.351965,179.866051,0,0.4,6,0.074621
3512,,,Building and repairing of pleasure and sporting boats,Manufacture of Other Transport Equipment,Manufacture of Transport Equipment,77,0,0,0,0,0,0,72,0,0,0
3520,,,Manufacture of railway and tramway locomotives and rolling stock,Manufacture of Other Transport Equipment,Manufacture of Transport Equipment,1,7,5.927001,6,0.327666,0.357193,16.929777,0,0.571429,12,0.110693
3530,,,Manufacture of aircraft and spacecraft,Manufacture of Other Transport Equipment,Manufacture of Transport Equipment,1,20,14.400583,5,0.354219,0.395873,1010.367111,0,0.215789,41,0.227853
3541,,,Manufacture of motorcycles,Manufacture of Other Transport Equipment,Manufacture of Transport Equipment,78,0,0,0,0,0,0,73,0,0,0
3542,,,Manufacture of bicycles,Manufacture of Other Transport Equipment,Manufacture of Transport Equipment,79,0,0,0,0,0,0,74,0,0,0
3543,,,Manufacture of invalid carriages,Manufacture of Other Transport Equipment,Manufacture of Transport Equipment,80,0,0,0,0,0,0,75,0,0,0
3550,,,Manufacture of other transport equipment n.e.c.,Manufacture of Other Transport Equipment,Manufacture of Transport Equipment,81,0,0,0,0,0,0,76,0,0,0
3611,,,Manufacture of chairs and seats,Manufacturing nec,Manufacture Other,11,7,5.045271,5,0.37622,0.405503,81.930661,0,0.428571,9,0.154975
3612,,,Manufacture of other office and shop furniture,Manufacturing nec,Manufacture Other,11,10,8.272258,6,0.365202,0.396148,135.950505,0,0.311111,14,0.154841
3613,,,Manufacture of other kitchen furniture,Manufacturing nec,Manufacture Other,11,3,2.910175,6,0.295059,0.313365,0,0,1,3,0.027935
3614,,,Manufacture of other furniture,Manufacturing nec,Manufacture Other,11,11,8.497998,5,0.371604,0.404363,382.342431,0,0.236364,13,0.163507
3615,,,Manufacture of mattresses,Manufacturing nec,Manufacture Other,11,2,1.720339,6,0.328173,0.351887,0,0,1,1,0.056378
3621,,,Striking of coins,Manufacturing nec,Manufacture Other,82,0,0,0,0,0,0,77,0,0,0
3622,,,Manufacture of jewellery and related articles n.e.c.,Manufacturing nec,Manufacture Other,5,2,1.850787,6,0.306802,0.329953,0,0,1,1,0.049222
3630,,,Manufacture of musical instruments,Manufacturing nec,Manufacture Other,83,0,0,0,0,0,0,78,0,0,0
3640,,,Manufacture of sports goods,Manufacturing nec,Manufacture Other,5,1,0.964424,6,0.290014,0.308097,0,0,0,0,0.023614
3650,,,"Manufacture of other games and toys, n.e.c.",Manufacturing nec,Manufacture Other,5,1,0.948641,6,0.290014,0.308097,0,0,0,0,0.023614
3661,,,Manufacture of imitation jewellery,Manufacturing nec,Manufacture Other,84,0,0,0,0,0,0,79,0,0,0
3662,,,Manufacture of brooms and brushes,Manufacturing nec,Manufacture Other,85,0,0,0,0,0,0,80,0,0,0
3663,,,Other manufacturing n.e.c.,Manufacturing nec,Manufacture Other,7,8,6.930084,5,0.361158,0.391116,83.778612,0,0.214286,6,0.128428
3710,,,Recycling of metal waste and scrap,Recycling,Recycling,11,1,0.99812,8,0.20133,0.20798,0,0,0,0,0.000794
3720,,,Recycling of non-metal waste and scrap,Recycling,Recycling,86,0,0,0,0,0,0,81,0,0,0
4011,,,Production of electricity,"Electricity, Gas and Water Supply","Electricity, Gas and Water Supply",9,2,1.986969,7,0.278033,0.292515,0,0,1,1,0.013063
4012,,,Transmission of electricity,"Electricity, Gas and Water Supply","Electricity, Gas and Water Supply",9,4,3.510115,6,0.334913,0.359709,135.370951,0,0.5,3,0.067815
4013,,,Distribution and trade of electricity,"Electricity, Gas and Water Supply","Electricity, Gas and Water Supply",9,9,5.656899,6,0.380269,0.411989,145.300056,0,0.333333,12,0.186197
4021,,,Manufacture of gas,"Electricity, Gas and Water Supply","Electricity, Gas and Water Supply",9,2,1.992092,7,0.25697,0.269935,423,0,0,0,0.005255
4022,,,Distribution and trade of gaseous fuels through mains,"Electricity, Gas and Water Supply","Electricity, Gas and Water Supply",9,1,0.999228,8,0.204534,0.211517,0,0,0,0,0.000831
4030,,,Steam and hot water supply,"Electricity, Gas and Water Supply","Electricity, Gas and Water Supply",10,1,0.966776,7,0.281541,0.300258,0,0,0,0,0.024197
4100,,,"Collection, purification and distribution of water","Electricity, Gas and Water Supply","Electricity, Gas and Water Supply",9,10,7.123491,6,0.357504,0.388483,676.634759,0,0.155556,7,0.11289
4511,,,Demolition and wrecking of buildings; earth moving,Construction,Construction,11,5,4.459346,6,0.317603,0.341863,48.531249,0,0.4,4,0.065249
4512,,,Test drilling and boring,Construction,Construction,87,0,0,0,0,0,0,82,0,0,0
4521,,,Construction of commercial buildings,Construction,Construction,11,43,22.313553,5,0.414062,0.470951,5253.11812,0,0.108527,98,0.437873
4522,,,Erection of roof covering and frames,Construction,Construction,11,2,1.70821,6,0.30135,0.319733,0,0,1,1,0.033967
4523,,,"Construction of motorways, roads, airfields and sport facilities",Construction,Construction,11,12,7.680852,5,0.378571,0.412461,160.149715,0,0.363636,24,0.221185
4524,,,Construction of water projects,Construction,Construction,11,1,0.93289,6,0.29302,0.310928,0,0,0,0,0.021829
4525,,,Other construction work involving special trades,Construction,Construction,11,18,13.040659,5,0.38371,0.422445,1420.966855,0,0.235294,36,0.243895
4531,,,Installation of electrical wiring and fittings,Construction,Construction,1,27,15.711768,6,0.377224,0.425786,946.361056,0,0.230769,81,0.404809
4532,,,Insulation work activities,Construction,Construction,11,2,1.544702,6,0.30135,0.319733,0,0,1,1,0.033967
4533,,,Plumbing,Construction,Construction,1,18,9.829565,6,0.389706,0.429442,661.940532,0,0.215686,33,0.284428
4534,,,Other building installation,Construction,Construction,1,5,4.627427,6,0.314774,0.339387,6.866731,0,0.5,5,0.074606
4541,,,Plastering,Construction,Construction,88,0,0,0,0,0,0,83,0,0,0
4542,,,Joinery installation,Construction,Construction,11,12,9.638423,6,0.361775,0.396619,253.885374,0,0.333333,22,0.160624
4543,,,Floor and wall covering,Construction,Construction,11,1,0.98275,6,0.283992,0.297484,0,0,0,0,0.010988
4544,,,Painting and glazing,Construction,Construction,11,5,4.202649,6,0.314307,0.338168,15.771093,0,0.5,5,0.064271
4545,,,Other building completion,Construction,Construction,11,4,3.772321,6,0.307024,0.328381,1.603002,0,0.833333,5,0.053149
4550,,,Renting of construction or demolition equipment with operator,Construction,Construction,9,4,3.530409,6,0.322679,0.346541,428.343528,0,0.333333,2,0.057947
5010,,,Sale of new and used motor vehicles,Construction,Construction,9,18,8.634439,6,0.381638,0.419143,655.177155,0,0.215686,33,0.220716
5020,,,Maintenance and repair of motor vehicles,Construction,Construction,9,16,9.632136,6,0.361775,0.397524,626.731144,0,0.225,27,0.164057
5030,,,Sale of motor vehicle parts and accessories,Construction,Construction,1,17,11.281467,6,0.37193,0.411085,1042.562911,0,0.235294,32,0.231093
5040,,,"Sale, maintenance and repair of motorcycles and related parts and accessories",Construction,Construction,9,2,1.888822,7,0.283992,0.299315,0,0,1,1,0.019712
5050,,,Retail sale of automotive fuel,Construction,Construction,9,13,7.89148,6,0.379249,0.41423,426.464067,0,0.24359,19,0.186786
5111,,,"Agents involved in the sale of agricultural raw materials, live animals, textile raw materials and semi-finished goods","Wholesale, Commission, Not Motors",Retail,91,0,0,0,0,0,0,84,0,0,0
5112,,,"Agents involved in the sale of fuels, ores, metals and industrial chemicals","Wholesale, Commission, Not Motors",Retail,92,0,0,0,0,0,0,85,0,0,0
5113,,,Agents involved in the sale of timber and building materials,"Wholesale, Commission, Not Motors",Retail,11,1,0.988047,6,0.282855,0.29831,0,0,0,0,0.016031
5114,,,"Agents involved in the sale of machinery, industrial equipment, ships and aircraft","Wholesale, Commission, Not Motors",Retail,5,5,4.827262,6,0.308588,0.331761,40.49061,0,0.2,2,0.057394
5115,,,"Agents involved in the sale of furniture, household goods, hardware and ironmongery","Wholesale, Retail; Certain Repair (cont.)",Retail,93,0,0,0,0,0,0,86,0,0,0
5116,,,"Agents involved in the sale of textiles, clothing, footwear and leather goods","Wholesale, Retail; Certain Repair (cont.)",Retail,3,2,1.948662,6,0.285907,0.303105,0,0,1,1,0.025615
5117,,,"Agents involved in the sale of food, beverages and tobacco","Wholesale, Retail; Certain Repair (cont.)",Retail,9,2,1.911696,6,0.315711,0.334631,0,0,1,1,0.046078
5118,,,Agents specializing in the sale of particular products or ranges of products n.e.c.,"Wholesale, Retail; Certain Repair (cont.)",Retail,5,3,2.765143,6,0.315007,0.340055,7.465236,0,0.666667,2,0.059031
5119,,,Agents involved in the sale of a variety of goods,"Wholesale, Retail; Certain Repair (cont.)",Retail,7,1,0.991285,7,0.272144,0.286618,0,0,0,0,0.009809
5121,,,"Wholesale of grain, seeds and animal feeds","Wholesale, Retail; Certain Repair (cont.)",Retail,2,2,1.810269,7,0.288828,0.309574,211.669573,0,0,0,0.026497
5122,,,Wholesale of flowers and plants,"Wholesale, Retail; Certain Repair (cont.)",Retail,5,1,0.91669,7,0.286293,0.305683,0,0,0,0,0.025607
5123,,,Wholesale of live animals,"Wholesale, Retail; Certain Repair (cont.)",Retail,94,0,0,0,0,0,0,87,0,0,0
5124,,,Wholesale of furskins,"Wholesale, Retail; Certain Repair (cont.)",Retail,95,0,0,0,0,0,0,88,0,0,0
5125,,,Wholesale of unmanufactured tobacco,"Wholesale, Retail; Certain Repair (cont.)",Retail,96,0,0,0,0,0,0,89,0,0,0
5131,,,Wholesale of fruit and vegetables,"Wholesale, Retail; Certain Repair (cont.)",Retail,2,5,4.026497,6,0.328682,0.354206,83.373438,0,0,0,0.058823
5132,,,Wholesale of meat and meat products,"Wholesale, Retail; Certain Repair (cont.)",Retail,2,5,3.996383,6,0.299859,0.323585,8.731545,0,0.6,6,0.038846
5133,,,"Wholesale of dairy produce, Wholesale of eggs,edible oils and fats","Wholesale, Retail; Certain Repair (cont.)",Retail,2,8,5.864474,6,0.360238,0.390134,76.373672,0,0.535714,15,0.127495
5134,,,"Wholesale of wine, beer, spirits and other alcoholic beverages","Wholesale, Retail; Certain Repair (cont.)",Retail,8,9,5.9628,6,0.383017,0.414819,1347.265895,0,0.138889,5,0.160674
5135,,,Wholesale of tobacco products,"Wholesale, Retail; Certain Repair (cont.)",Retail,2,1,0.985429,6,0.27302,0.286792,0,0,0,0,0.009577
5136,,,Wholesale of sugar and chocolate and sugar confectionery,"Wholesale, Retail; Certain Repair (cont.)",Retail,97,0,0,0,0,0,0,90,0,0,0
5137,,,"Wholesale of coffee, tea, cocoa and spices","Wholesale, Retail; Certain Repair (cont.)",Retail,2,1,0.997823,8,0.216658,0.226053,0,0,0,0,0.001327
5138,,,"Wholesale of other food, including fish, crustaceans and molluscs","Wholesale, Retail; Certain Repair (cont.)",Retail,2,2,1.981296,6,0.274256,0.289662,2.414735,0,0,0,0.011524
5139,,,"Non-specialised wholesale of food, beverages and tobacco","Wholesale, Retail; Certain Repair (cont.)",Retail,2,14,8.802195,5,0.375221,0.412382,1108.5013,0,0.21978,20,0.188017
5141,,,Wholesale of textiles,"Wholesale, Retail; Certain Repair (cont.)",Retail,3,2,1.692944,6,0.326154,0.346777,35.476251,0,0,0,0.040563
5142,,,"Wholesale of adults' fur and leather clothing,Wholesale of children's and infants' clothing,Wholesale of footwear, Wholesale of clothing n.e.c.","Wholesale, Retail; Certain Repair (cont.)",Retail,3,13,9.177177,5,0.37193,0.406564,604.449383,0,0.269231,21,0.175561
5143,,,"Wholesale of gramophone records, audio tapes, compact discs and video tapes and of the equipment on which these are played, radios and televisions; wholesale of electrical household appliances n.e.c","Wholesale, Retail; Certain Repair (cont.)",Retail,1,11,8.79358,6,0.360238,0.393632,488.24545,0,0.254545,14,0.188274
5144,,,"Wholesale of china and glassware, wallpaper and cleaning materials","Wholesale, Retail; Certain Repair (cont.)",Retail,11,6,5.479226,6,0.337311,0.363011,58.0768,0,0.333333,5,0.080717
5145,,,Wholesale of perfume and cosmetics,"Wholesale, Retail; Certain Repair (cont.)",Retail,3,5,4.408197,6,0.334385,0.35967,36.300202,0,0.5,5,0.069319
5146,,,Wholesale of pharmaceutical goods,"Wholesale, Retail; Certain Repair (cont.)",Retail,7,17,11.826772,6,0.373568,0.413286,1106.7706,0,0.191176,26,0.190542
5147,,,"""Wholesale of photographic goods",Wholesale of other household goods n.e.c.,Retail,5,40,25.184303,5,0.408085,0.464465,3237.8413,0,0.115385,90,0.489319
5151,,,Wholesale of petroleum and petroleum products other fuels and related products,Wholesale of other household goods n.e.c.,Retail,9,9,7.076157,5,0.364261,0.395047,204.911865,0,0.25,9,0.151583
5152,,,Wholesale of metals and metal ores,Wholesale of other household goods n.e.c.,Retail,11,5,4.182964,6,0.335975,0.361989,901.730887,0,0.2,2,0.066335
5153,,,"Wholesale of wood, construction materials and sanitary equipment",Wholesale of other household goods n.e.c.,Retail,11,26,17.507591,5,0.394052,0.439465,1956.872009,0,0.190769,62,0.322978
5154,,,"Wholesale of hardware, plumbing and heating equipment and supplies",Wholesale of other household goods n.e.c.,Retail,11,16,11.95084,5,0.373568,0.409709,962.369375,0,0.166667,20,0.203438
5155,,,Wholesale of chemical products,Wholesale of other household goods n.e.c.,Retail,7,5,4.703263,6,0.313609,0.337421,62.730725,0,0.4,4,0.045213
5156,,,Wholesale of other intermediate products,Wholesale of other household goods n.e.c.,Retail,6,6,5.077866,5,0.356303,0.383805,75.862458,0,0.2,3,0.122738
5157,,,Wholesale of waste and scrap,Wholesale of other household goods n.e.c.,Retail,11,2,1.989254,7,0.251931,0.264117,423,0,0,0,0.004306
5181,,,Wholesale of machine tools,Wholesale of other household goods n.e.c.,Retail,11,1,0.999543,7,0.238202,0.247552,0,0,0,0,0.002185
5182,,,"Wholesale of mining, construction and civil engineering machinery",Wholesale of other household goods n.e.c.,Retail,6,2,1.968414,7,0.280238,0.29562,3.525955,0,0,0,0.013959
5183,,,Wholesale of machinery for the textile industry and of sewing and knitting machines,Wholesale of other household goods n.e.c.,Retail,98,0,0,0,0,0,0,91,0,0,0
5184,,,"Wholesale of computers, computer peripheral equipment and software",Wholesale of other household goods n.e.c.,Retail,5,11,8.515396,6,0.363948,0.398428,86.96468,0,0.6,33,0.229238
5185,,,Wholesale of other office machinery and equipment,Wholesale of other household goods n.e.c.,Retail,5,4,3.881765,6,0.307469,0.329638,16.785415,0,0.666667,4,0.056001
5186,,,Wholesale of other electronic parts and equipment,Wholesale of other household goods n.e.c.,Retail,1,8,7.490689,6,0.314774,0.342885,4.701511,0,0.607143,17,0.115416
5187,,,"Wholesale of other machinery for use in industry, trade and navigation",Wholesale of other household goods n.e.c.,Retail,1,18,13.642398,6,0.381638,0.42158,543.6581,0,0.150327,23,0.260794
5188,,,"Wholesale of agricultural machinery and accessories and implements, including tractors",Wholesale of other household goods n.e.c.,Retail,11,2,1.995835,7,0.228695,0.239572,0,0,1,1,0.002695
5190,,,Other wholesale,Wholesale of other household goods n.e.c.,Retail,11,9,6.639403,6,0.368375,0.400629,130.478205,0,0.333333,12,0.165566
5211,,,"Retail sale by confectioners, tobacconists and newsagents (CTNs), non-specialised stores holding an alcohol licence, with food, beverages or tobacco predominating","Retail Trade, Not Motors; Repairs",Retail,2,37,11.662051,6,0.380952,0.435849,4002.494194,0,0.075075,50,0.281016
5212,,,Other retail sale in non-specialised stores,"Retail Trade, Not Motors; Repairs",Retail,3,27,12.69879,6,0.367418,0.414976,730.853176,0,0.247863,87,0.309931
5221,,,Retail sale of fruit and vegetables,"Retail Trade, Not Motors; Repairs",Retail,2,3,2.537509,6,0.309038,0.333137,23.183082,0,0,0,0.043875
5222,,,Retail sale of meat and meat products,"Retail Trade, Not Motors; Repairs",Retail,2,4,3.277149,6,0.301136,0.323388,6.742081,0,0.666667,4,0.036111
5223,,,"Retail sale of fish, crustaceans and molluscs","Retail Trade, Not Motors; Repairs",Retail,99,0,0,0,0,0,0,92,0,0,0
5224,,,"Retail sale of bread, cakes, flour confectionery and sugar confectionery","Retail Trade, Not Motors; Repairs",Retail,2,12,6.077685,6,0.349259,0.383766,209.82042,0,0.439394,29,0.173074
5225,,,Retail sale of alcoholic and other beverages,"Retail Trade, Not Motors; Repairs",Retail,5,4,2.523477,6,0.321944,0.349214,7.060315,0,0.666667,4,0.078893
5226,,,Retail sale of tobacco products,"Retail Trade, Not Motors; Repairs",Retail,6,2,1.766072,7,0.287848,0.308631,0,0,1,1,0.026357
5227,,,"Other retail sale of food, beverages and tobacco in specialised stores","Retail Trade, Not Motors; Repairs",Retail,2,2,1.812089,7,0.276402,0.295699,423,0,0,0,0.015501
5231,,,Dispensing chemists,"Retail Trade, Not Motors; Repairs",Retail,3,8,4.302293,6,0.361158,0.391431,214.032434,0,0.392857,11,0.127002
5232,,,Retail sale of hearing aids,"Retail Trade, Not Motors; Repairs",Retail,7,3,2.835754,6,0.288435,0.306958,1.890243,0,0.666667,2,0.023368
5233,,,Retail sale of cosmetic and toilet articles,"Retail Trade, Not Motors; Repairs",Retail,3,10,6.596859,5,0.363636,0.397091,150.894812,0,0.422222,19,0.170701
5241,,,Retail sale of textiles,"Retail Trade, Not Motors; Repairs",Retail,3,6,5.056329,6,0.348398,0.374646,60.905123,0,0.6,9,0.108544
5242,,,"Retail sale of adults' fur and leather clothing, children's and infants' clothing, other women's clothing, other men's clothing","Retail Trade, Not Motors; Repairs",Retail,3,26,11.97025,6,0.384058,0.430149,1405.332613,0,0.233846,76,0.341252
5243,,,"Retail sale of footwear, leather goods","Retail Trade, Not Motors; Repairs",Retail,3,9,4.95714,5,0.367418,0.399646,492.900707,0,0.333333,12,0.170573
5244,,,"Retail sale of furniture, lighting equipment and household articles n.e.c.","Retail Trade, Not Motors; Repairs",Retail,3,22,13.850766,6,0.374889,0.416588,1310.821742,0,0.225108,52,0.275692
5245,,,Retail sale of electrical household appliances and radio and television goods,"Retail Trade, Not Motors; Repairs",Retail,8,21,9.176001,6,0.377224,0.420951,683.929055,0,0.209524,44,0.337548
5246,,,"Retail sale of hardware, paints and glass","Retail Trade, Not Motors; Repairs",Retail,3,13,6.098362,5,0.371604,0.406132,213.008258,0,0.435897,34,0.238609
5247,,,"Retail sale of books, newspapers and stationery","Retail Trade, Not Motors; Repairs",Retail,6,15,7.631595,6,0.358411,0.397445,387.454871,0,0.333333,35,0.234196
5248,,,"Retail sale of photographic, optical and precision equipment, office supplies and equipment (incl. computers),Retail sale of sports goods, games and toys, stamps and coins, Retail sale of mobile telephones","Retail Trade, Not Motors; Repairs",Retail,5,46,22.686522,6,0.400756,0.461989,3898.031655,0,0.121739,126,0.528763
5250,,,"Retail sale of antiques, including antique books, in stores","Retail Trade, Not Motors; Repairs",Retail,10,4,2.463336,6,0.305916,0.330975,40.948525,0,0.333333,2,0.047596
5261,,,Retail sale via mail order houses,"Retail Trade, Not Motors; Repairs",Retail,9,21,10.028189,5,0.410853,0.449332,526.351871,0,0.304762,64,0.412002
5262,,,Retail sale via stalls and markets,"Retail Trade, Not Motors; Repairs",Retail,2,2,1.184447,6,0.295883,0.319733,49.275607,0,0,0,0.024659
5263,,,Other non-store retail sale,"Retail Trade, Not Motors; Repairs",Retail,2,6,4.537983,6,0.352745,0.381093,58.600554,0,0.333333,5,0.099988
5271,,,"Repair of boots, shoes and other articles of leather","Retail Trade, Not Motors; Repairs",Retail,4,1,0.999636,1,1,1,0,2,0,0,0.00057
5272,,,Repair of electrical household goods,"Retail Trade, Not Motors; Repairs",Retail,8,3,2.917847,6,0.303508,0.322052,5.022122,0,0.333333,1,0.031829
5273,,,"Repair of watches, clocks and jewellery","Retail Trade, Not Motors; Repairs",Retail,100,0,0,0,0,0,0,94,0,0,0
5274,,,Repair n.e.c.,"Retail Trade, Not Motors; Repairs",Retail,4,1,0.999636,1,1,1,0,2,0,0,0.00057
5510,,,Hotels and motels with restaurant (licensed and unlicensed) and without restaurant,Hotels and Restaurants,Hotels and Restaurants,8,19,9.51838,5,0.386509,0.426101,435.697611,0,0.309942,53,0.333755
5521,,,Youth hostels and mountain refuges,Hotels and Restaurants,Hotels and Restaurants,102,0,0,0,0,0,0,95,0,0,0
5522,,,"Camping sites, including caravan sites",Hotels and Restaurants,Hotels and Restaurants,8,1,0.997681,7,0.247375,0.260108,0,0,1,1,0.005719
5523,,,"Holiday centres and holiday villages, Other self-catering holiday accommodation,Other tourist or short-stay accommodation",Hotels and Restaurants,Hotels and Restaurants,8,8,5.565631,6,0.328428,0.359395,448.853191,0,0.321429,9,0.109806
5530,,,"Licensed restaurants,Unlicensed restaurants and cafes,Take-away food shops,Take-away mobile food stands",Hotels and Restaurants,Hotels and Restaurants,8,25,8.165094,5,0.399623,0.444693,916.258807,0,0.313333,94,0.382686
5540,,,"Licensed clubs,Independent public houses and bars,Tenanted public houses and bars,Managed public houses and bars",Hotels and Restaurants,Hotels and Restaurants,8,44,16.121648,6,0.396632,0.458687,2958.162572,0,0.117336,111,0.46657
5551,,,Canteens,Hotels and Restaurants,Hotels and Restaurants,10,6,4.130851,6,0.296711,0.324057,39.530147,0,0.333333,5,0.044912
5552,,,Catering,Hotels and Restaurants,Hotels and Restaurants,8,19,7.096205,5,0.381295,0.421737,572.745587,0,0.304094,52,0.2759
6010,,,Inter-city services and Other transport via railways,Transport,Transport,9,4,3.345891,6,0.312915,0.335024,10.685476,0,0.333333,2,0.050554
6021,,,"Urban and suburban passenger railway transportation by underground, metro and similar systems, Other scheduled passenger land transport n.e.c.",Transport,Transport,9,9,4.540222,6,0.337849,0.365212,182.240286,0,0.222222,8,0.083964
6022,,,Taxi operation,Transport,Transport,7,2,0.510473,6,0.276221,0.296305,3.805176,0,0,0,0.015474
6023,,,"Renting of buses and coaches, Other land passenger transport n.e.c.",Transport,Transport,9,2,1.867435,7,0.292818,0.308985,4.328273,0,0,0,0.019683
6024,,,"Freight transport by road n.e.c.,Furniture removal activities",Transport,Transport,9,45,22.137613,6,0.432653,0.48923,6443.549643,0,0.09596,95,0.477782
6030,,,Transport via pipelines,Transport,Transport,103,0,0,0,0,0,0,96,0,0,0
6110,,,"Passenger sea and coastal water transport, Freight sea and coastal water transport",Transport,Transport,9,6,5.48954,6,0.334649,0.360181,119.88995,0,0.333333,5,0.083307
6120,,,"Passenger inland water transport, Other inland water transport",Transport,Transport,9,2,1.977667,6,0.288435,0.305621,5.14312,0,0,0,0.021474
6210,,,"Scheduled passenger air transport,Other scheduled air transport",Transport,Transport,9,5,3.985291,7,0.293426,0.31323,19.420013,0,0.4,4,0.03464
6220,,,Other non-scheduled air transport,Transport,Transport,9,6,5.708806,6,0.305476,0.32728,455.796189,0,0.2,3,0.040575
6230,,,Space transport,Transport,Transport,104,0,0,0,0,0,0,97,0,0,0
6311,,,Cargo handling,Transport,Transport,9,4,3.755308,7,0.307916,0.329346,28.601335,0,0.5,3,0.039038
6312,,,"Storage and warehousing of frozen and refrigerated goods, liquids or gases, Storage and warehousing of grain, Storage and warehousing n.e.c.",Transport,Transport,9,31,17.186888,5,0.416912,0.463679,1614.361231,0,0.189247,88,0.465965
6321,,,Other supporting land transport activities,Transport,Transport,9,8,4.933542,6,0.362393,0.394025,185.363555,0,0.285714,8,0.141921
6322,,,Other supporting water transport activities,Transport,Transport,9,7,5.832344,6,0.346972,0.376101,222.874744,0,0.095238,2,0.088874
6323,,,Other supporting air transport activities,Transport,Transport,9,7,4.553748,6,0.362084,0.391981,247.867231,0,0.190476,4,0.126269
6330,,,"Activities of travel agencies, organisers,tour guides,Other tourist assistance activities n.e.c.",Transport,Transport,9,19,8.013289,6,0.393686,0.434866,1419.887903,0,0.204678,35,0.311459
6340,,,Activities of other transport agencies,Transport,Transport,9,12,8.699214,6,0.364574,0.397799,318.176629,0,0.272727,18,0.161738
6411,,,National post activities,Post and Telecommunications,Post and Telecommunications,10,10,3.598695,6,0.329961,0.35967,151.141088,0,0.044444,2,0.109188
6412,,,Courier activities other than national post activities,Post and Telecommunications,Post and Telecommunications,9,16,7.77454,5,0.388278,0.424332,279.566897,0,0.308333,37,0.306627
6420,,,Telecommunications,Post and Telecommunications,Post and Telecommunications,5,24,9.142357,6,0.383017,0.428145,434.627835,0,0.307971,85,0.410144
6511,,,Central banking,Finance,Finance,10,1,0.910547,7,0.231694,0.243621,0,0,0,0,0.005838
6512,,,"Banks,Building societies",Finance,Finance,10,12,6.193491,6,0.30135,0.330542,517.845205,0,0.484848,32,0.110187
6521,,,Financial leasing,Finance,Finance,10,2,1.663153,7,0.260923,0.277735,0,0,1,1,0.018395
6522,,,"Credit granting by non-deposit taking finance houses and other specialist consumer credit grantors,Activities of mortgage finance companies,Other credit granting not elsewhere classified",Finance,Finance,10,20,11.459298,6,0.351575,0.393003,660.837449,0,0.294737,56,0.257776
6523,,,"""Activities of bank holding companies Financial intermediation not elsewhere classified""",Finance,Finance,10,13,7.990399,5,0.381638,0.416392,685.355305,0,0.5,39,0.241364
6601,,,Life insurance,Finance,Finance,10,12,6.115937,6,0.325653,0.357665,150.172234,0,0.681818,45,0.166703
6602,,,Pension funding,Finance,Finance,10,3,2.093924,7,0.272844,0.295816,19.362114,0,0.333333,1,0.02691
6603,,,Non-life insurance,Finance,Finance,10,11,5.168153,6,0.316182,0.349253,38.411423,0,0.527273,29,0.148431
6711,,,Administration of financial markets,Finance,Finance,10,2,1.870577,6,0.277305,0.291981,0,0,1,1,0.01748
6712,,,Security broking and fund management,Finance,Finance,10,13,7.398375,6,0.359932,0.394811,126.649516,0,0.641026,50,0.228953
6713,,,Activities auxiliary to financial intermediation n.e.c.,Finance,Finance,10,21,12.613644,6,0.379249,0.420794,571.29241,0,0.361905,76,0.333794
6720,,,Activities auxiliary to insurance and pension funding,Finance,Finance,10,14,7.254028,6,0.32792,0.364623,189.14998,0,0.461538,42,0.180051
7011,,,Development and selling of real estate,"Real Estate, Renting & Business",Buisness activities,10,14,7.379505,6,0.383363,0.420401,319.65462,0,0.406593,37,0.266382
7012,,,Buying and selling of own real estate,"Real Estate, Renting & Business",Buisness activities,105,0,0,0,0,0,0,98,0,0,0
7020,,,"Other letting of own property, Letting of conference and exhibition centres","Real Estate, Renting & Business",Buisness activities,10,15,6.06887,6,0.359932,0.398624,346.244063,0,0.295238,31,0.234064
7031,,,Real estate agencies,"Real Estate, Renting & Business",Buisness activities,10,17,7.226736,6,0.389706,0.428381,421.306451,0,0.382353,52,0.329435
7032,,,Management of real estate on a fee or contract basis,"Real Estate, Renting & Business",Buisness activities,10,18,10.093007,6,0.366782,0.407665,459.981818,0,0.254902,39,0.265187
7110,,,Renting of automobiles,Renting Equipment Without Operator,Buisness activities,9,9,5.820042,6,0.385104,0.416785,184.155662,0,0.25,9,0.17253
7121,,,Renting of other land transport equipment,Renting Equipment Without Operator,Buisness activities,9,4,3.629511,6,0.323171,0.345676,6.567954,0,0.666667,4,0.057407
7122,,,"Renting of passenger water transport equipment,Renting of other water transport equipment",Renting Equipment Without Operator,Buisness activities,106,0,0,0,0,0,0,99,0,0,0
7123,,,"Renting of passenger air transport equipment,Renting of other air transport equipment",Renting Equipment Without Operator,Buisness activities,9,1,0.998852,7,0.234125,0.243677,0,0,0,0,0.002592
7131,,,Renting of agricultural machinery and equipment,Renting Equipment Without Operator,Buisness activities,107,0,0,0,0,0,0,100,0,0,0
7132,,,Renting of construction and civil engineering machinery and equipment,Renting Equipment Without Operator,Buisness activities,9,12,7.826953,6,0.395522,0.429088,288.302929,0,0.363636,24,0.238676
7133,,,"Renting of office machinery and equipment, including computers",Renting Equipment Without Operator,Buisness activities,5,2,1.899359,6,0.303508,0.324646,0,0,1,1,0.043858
7134,,,Renting of other machinery and equipment n.e.c.,Renting Equipment Without Operator,Buisness activities,8,11,8.867754,5,0.361466,0.394025,202.726281,0,0.218182,12,0.150061
7140,,,"Renting of sporting and recreational equipment,Renting of records and other pre-recorded media,Renting of video tapes and DVDs,Renting of radios, televisions and video recorders and DVD players, Renting of other personal and household goods not elsewhere classified",Renting Equipment Without Operator,Buisness activities,8,11,7.66856,5,0.366782,0.400039,585.887095,0,0.109091,6,0.137994
7210,,,Hardware consultancy,Computer and Related Activities,Computer and Related Activities,5,10,7.900251,6,0.356602,0.388129,91.078259,0,0.644444,29,0.203558
7221,,,Publishing of software,Computer and Related Activities,Computer and Related Activities,5,2,1.940647,7,0.289025,0.308316,0,0,1,1,0.045021
7222,,,Other software consultancy and supply,Computer and Related Activities,Computer and Related Activities,5,32,17.321089,6,0.398122,0.448585,1179.357771,0,0.256048,127,0.53273
7230,,,Data processing,Computer and Related Activities,Computer and Related Activities,5,15,9.463145,6,0.343598,0.381093,344.971613,0,0.342857,36,0.215702
7240,,,Database activities,Computer and Related Activities,Computer and Related Activities,5,4,3.750495,7,0.301136,0.322625,0,0,1,6,0.073837
7250,,,"Maintenance and repair of office, accounting and computing machinery",Computer and Related Activities,Computer and Related Activities,5,11,7.941567,6,0.358411,0.39261,32.051445,0,0.727273,40,0.220291
7260,,,Other computer related activities,Computer and Related Activities,Computer and Related Activities,5,20,12.682416,6,0.392956,0.433412,440.385568,0,0.405263,77,0.3947
7310,,,Research and experimental development on natural sciences and engineering,Research and Development,Research and Development,7,19,11.310291,6,0.384755,0.425983,844.977755,0,0.204678,35,0.295947
7320,,,Research and experimental development on social sciences and humanities,Research and Development,Research and Development,10,5,3.849094,7,0.297962,0.322153,15.022253,0,0.3,3,0.045616
7411,,,"Barristers at law,Solicitors,Activities of patent and copyright agents,Other legal activities not elsewhere classified",Other Business Activities,Buisness activities,10,12,3.569111,6,0.359932,0.393436,200.053878,0,0.257576,17,0.195602
7412,,,"Accounting and auditing activities,Book-keeping activities,Tax consultancy",Other Business Activities,Buisness activities,10,20,7.74042,5,0.379249,0.421344,663.36065,0,0.352632,67,0.325785
7413,,,Market research and public opinion polling,Other Business Activities,Buisness activities,10,13,6.651091,6,0.381982,0.417335,337.705386,0,0.320513,25,0.282656
7414,,,"Business and management consultancy activities, n.e.c.",Other Business Activities,Buisness activities,10,43,18.086753,6,0.410853,0.469654,2297.536576,0,0.194906,176,0.640733
7415,,,"Management activities of other non-financial holding companies,production holding companies, construction holding companies, wholesale holding companies, motor trades holding companies, retail holding companies",Other Business Activities,Buisness activities,6,76,32.993346,5,0.469546,0.541234,14767.225019,0,0.045965,131,0.731505
7420,,,"Architectural,Urban planning and landscape architectural activities, Engineering design activities for industrial process and production, Engineering related scientific and technical consulting activities,Engineering consultative and design activities",Other Business Activities,Buisness activities,10,38,17.292639,6,0.391505,0.448506,2370.035719,0,0.163585,115,0.507408
7430,,,Technical testing and analysis,Other Business Activities,Buisness activities,10,13,7.802238,6,0.380269,0.416274,558.730975,0,0.24359,19,0.237464
7440,,,"Planning, creation and placement of advertising activities, Advertising activities not elsewhere classified,Sale or leasing activities of advertising space or time",Other Business Activities,Buisness activities,6,24,11.617314,5,0.409266,0.452083,557.927089,0,0.326087,90,0.473416
7450,,,Labour recruitment and provision of personnel,Other Business Activities,Buisness activities,10,91,20.660038,5,0.477477,0.559395,15834.515745,0,0.052747,216,1
7460,,,Security and related activities,Other Business Activities,Buisness activities,8,23,7.761765,5,0.398496,0.441116,741.857484,0,0.237154,60,0.402848
7470,,,"Traditional cleaning services,Window cleaning services,Specialised cleaning services,Furnace and chimney cleaning services,Cleaning activities not elsewhere classified,Disinfecting and exterminating services",Other Business Activities,Buisness activities,8,31,12.78254,5,0.398496,0.445322,2555.340784,0,0.126882,59,0.340996
7481,,,"Portrait photographic activities,Other specialist photography,Film processing,Photographic activities not elsewhere classified",Other Business Activities,Buisness activities,6,4,3.084675,6,0.303725,0.327948,169.331901,0,0,0,0.033214
7482,,,Packaging activities,Other Business Activities,Buisness activities,1,5,4.638025,5,0.344156,0.370637,87.251227,0,0.2,2,0.084269
7485,,,Secretarial and translation activities,Other Business Activities,Buisness activities,10,3,2.414159,6,0.334385,0.361321,72.37296,0,0.333333,1,0.061907
7486,,,Call centre activities,Other Business Activities,Buisness activities,9,17,11.44476,5,0.381982,0.420204,284.416685,0,0.301471,41,0.323343
7487,,,Other business activities not elsewhere classified,Other Business Activities,Buisness activities,6,39,19.339523,5,0.414467,0.469064,2429.553202,0,0.194332,144,0.620461
7511,,,General (overall) public service activities,Public Administration & Defence,Gouverment,10,25,11.918493,6,0.332028,0.380149,1692.390091,0,0.113333,34,0.135326
7512,,,"Regulation of the activities of agencies that provide health care, education, cultural services and other social services, excluding social security",Public Administration & Defence,Gouverment,10,14,6.197342,6,0.323664,0.361675,358.249303,0,0.153846,14,0.100482
7513,,,Regulation of and contribution to more efficient operation of business,Public Administration & Defence,Gouverment,10,11,6.397819,7,0.321456,0.356783,168.055825,0,0.181818,10,0.101775
7514,,,Supporting service activities for the government as a whole,Public Administration & Defence,Gouverment,10,3,1.674889,7,0.268185,0.292711,3.757715,0,0.333333,1,0.02393
7521,,,Foreign affairs,Public Administration & Defence,Gouverment,10,3,2.778064,7,0.305476,0.330211,12.963185,0,0.333333,1,0.053941
7522,,,Defence activities,Public Administration & Defence,Gouverment,10,8,3.152333,6,0.325403,0.353852,68.419323,0,0.107143,3,0.086757
7523,,,Justice and judicial activities,Public Administration & Defence,Gouverment,10,7,2.207272,6,0.31085,0.338247,109.84756,0,0.238095,5,0.064153
7524,,,"Public security, law and order activities",Public Administration & Defence,Gouverment,10,3,0.989832,7,0.267677,0.285383,5.497787,0,0,0,0.013007
7525,,,Fire service activities,Public Administration & Defence,Gouverment,10,10,4.058643,6,0.353923,0.387107,563.361592,0,0.088889,4,0.112012
7530,,,Compulsory social security activities,Public Administration & Defence,Gouverment,10,7,3.559796,6,0.304817,0.33353,34.793416,0,0.190476,4,0.065302
8010,,,Primary education,Education,Gouverment,10,29,8.75555,6,0.3392,0.389819,2003.947749,0,0.12069,49,0.168419
8021,,,General secondary education,Education,Gouverment,10,8,2.980413,6,0.290411,0.320244,41.075483,0,0.428571,12,0.050837
8022,,,Technical and vocational secondary education,Education,Gouverment,10,10,3.704046,6,0.347256,0.381958,205.132171,0,0.4,18,0.127604
8030,,,Sub-degree level higher education,Education,Gouverment,10,15,5.847717,6,0.3217,0.355582,386.456042,0,0.085714,9,0.110413
8041,,,Driving school activities,Education,Gouverment,10,1,0.823835,7,0.249412,0.266953,0,0,0,0,0.008045
8042,,,Other adult and other education n.e.c.,Education,Gouverment,10,13,5.22234,6,0.361466,0.398035,500.125659,0,0.346154,27,0.189671
8511,,,"Public sector hospital activities, including NHS trusts, Private sector hospital activities,Medical nursing home activities",Health and Social Work,Gouverment,7,12,4.154523,6,0.343042,0.378341,426.477963,0,0.212121,14,0.102019
8512,,,Medical practice activities,Health and Social Work,Gouverment,7,7,2.834771,6,0.311536,0.33805,55.946143,0,0.285714,6,0.05561
8513,,,Dental practice activities,Health and Social Work,Gouverment,7,6,1.905271,6,0.310623,0.339819,57.176673,0,0.333333,5,0.064431
8514,,,Other human health activities,Health and Social Work,Gouverment,7,14,5.905616,6,0.355407,0.391863,427.260466,0,0.208791,19,0.138519
8520,,,Veterinary activities,Health and Social Work,Gouverment,2,2,0.249619,6,0.296503,0.319733,82.051103,0,0,0,0.022942
8531,,,Charitable social work activities with accommodation,Health and Social Work,Gouverment,10,12,5.282112,6,0.352745,0.387225,395.468613,0,0.30303,20,0.125141
8532,,,"Charitable social work activities without accommodation,Non-charitable social work activities without accommodation",Health and Social Work,Gouverment,10,19,6.980263,6,0.362393,0.404324,767.23883,0,0.169591,29,0.181079
9001,,,Collection and treatment of sewage,Other Social & Personal Services,Services,9,4,3.803962,6,0.309038,0.330189,18.506719,0,0.5,3,0.038702
9002,,,Collection and treatment of other waste,Other Social & Personal Services,Services,9,6,4.167448,5,0.366465,0.394969,128.294738,0,0.4,6,0.118055
9003,,,"Sanitation, remediation and similar activities",Other Social & Personal Services,Services,9,1,0.996004,7,0.256193,0.268655,0,0,0,0,0.004831
9111,,,Activities of business and employers' organizations,Membership Organisations,Services,10,3,2.14204,7,0.278764,0.299747,6.465052,0,0.333333,1,0.023851
9112,,,Activities of professional organizations,Membership Organisations,Services,10,11,7.917291,6,0.321212,0.355582,568.427232,0,0.181818,10,0.120363
9120,,,Activities of trade unions,Membership Organisations,Services,10,1,0.989476,7,0.243259,0.257143,0,0,0,0,0.006299
9131,,,Activities of religious organizations,Membership Organisations,Services,10,4,1.583097,7,0.274256,0.294952,2.127411,0,0.333333,2,0.025742
9132,,,Activities of political organizations,Membership Organisations,Services,10,3,2.021611,6,0.280423,0.301297,0,0,1,3,0.026039
9133,,,Activities of other membership organizations n.e.c.,Membership Organisations,Services,10,25,9.93273,5,0.370954,0.417217,1188.649529,0,0.163333,49,0.273289
9211,,,"Motion picture production on film or video, Other motion picture and video production activities","Recreational, Cultural & Sporting",Services,6,2,1.971501,7,0.260763,0.27591,3.823322,0,0,0,0.008997
9212,,,Motion picture and video distribution,"Recreational, Cultural & Sporting",Services,8,2,1.988625,6,0.271969,0.286478,1.024242,0,0,0,0.011669
9213,,,Motion picture projection,"Recreational, Cultural & Sporting",Services,8,6,4.592713,6,0.328173,0.354678,136.209074,0,0.466667,7,0.083231
9220,,,Radio activities,"Recreational, Cultural & Sporting",Services,6,9,5.438036,6,0.330218,0.361281,345.623754,0,0.305556,11,0.137228
9231,,,"Live theatrical presentations,Other artistic and literary creation and interpretation,Library and archives activities","Recreational, Cultural & Sporting",Services,10,7,4.824024,6,0.358108,0.387932,203.863512,0,0.428571,9,0.168436
9232,,,Operation of arts facilities,"Recreational, Cultural & Sporting",Services,10,5,3.429785,6,0.29424,0.320558,14.918109,0,0.5,5,0.04025
9233,,,Fair and amusement park activities,"Recreational, Cultural & Sporting",Services,8,2,1.345468,7,0.278581,0.299787,5.673703,0,0,0,0.020978
9234,,,Other entertainment activities not elsewhere classified,"Recreational, Cultural & Sporting",Services,10,1,0.613417,7,0.253437,0.271327,0,0,0,0,0.009762
9240,,,News agency activities,"Recreational, Cultural & Sporting",Services,6,2,1.771697,6,0.296503,0.316588,2.171501,0,0,0,0.038337
9252,,,"Museums activities,Preservation of historical sites and buildings","Recreational, Cultural & Sporting",Services,10,7,3.495209,6,0.322433,0.355503,132.000058,0,0.380952,8,0.076281
9253,,,Botanical and zoological gardens and nature reserves activities,"Recreational, Cultural & Sporting",Services,10,5,3.705166,6,0.289025,0.316116,4.814688,0,0.6,6,0.043556
9261,,,"Operation of ice rinks and roller skating rinks,Operation of other sports arenas and stadiums not elsewhere classified","Recreational, Cultural & Sporting",Services,8,15,7.024146,6,0.342488,0.380896,313.022999,0,0.304762,32,0.162665
9262,,,Other sporting activities not elsewhere classified,"Recreational, Cultural & Sporting",Services,8,26,10.410203,5,0.390064,0.437068,1691.744522,0,0.215385,70,0.349038
9271,,,Gambling and betting activities,"Recreational, Cultural & Sporting",Services,8,12,5.447794,6,0.353039,0.38577,136.496481,0,0.439394,29,0.174295
9272,,,Other recreational activities not elsewhere classified,"Recreational, Cultural & Sporting",Services,8,10,5.876652,6,0.346972,0.381093,317.797834,0,0.288889,13,0.115649
9301,,,Washing and dry-cleaning of textile and fur products,Other Service Activities,Services,8,6,3.863501,5,0.370954,0.399489,53.684642,0,0.4,6,0.135052
9302,,,Hairdressing and other beauty treatment,Other Service Activities,Services,3,6,3.670081,6,0.321944,0.348467,12.804593,0,0.8,12,0.09306
9303,,,Funeral and related activities,Other Service Activities,Services,2,2,0.761122,6,0.295883,0.319733,49.275607,0,0,0,0.024659
9304,,,Physical well-being activities,Other Service Activities,Services,8,4,2.989482,6,0.312915,0.339269,12.484435,0,0.666667,4,0.065704
9305,,,Other service activities n.e.c.,Other Service Activities,Services,10,24,9.660157,5,0.418559,0.459827,1371.285987,0,0.224638,62,0.465652
9500,,,Activities of households as employers of domestic staff,Other Service Activities,Services,10,5,2.915229,6,0.337311,0.367217,37.225919,0,0.7,7,0.079915
9600,,,Undifferentiated goods producing activities of private households for own use,Other Service Activities,Services,109,0,0,0,0,0,0,101,0,0,0
9700,,,Undifferentiated services producing activities of private households for own use,Other Service Activities,Services,110,0,0,0,0,0,0,102,0,0,0
9900,,,Extra-territorial organizations and bodies,Other Service Activities,Services,111,0,0,0,0,0,0,103,0,0,0
7220,,,,,,5,27,13.483478,6,0.373898,0.422052,744.536286,0,0.25641,90,0.434812
7484,,,,,,10,47,21.136204,5,0.430894,0.489505,4240.327904,0,0.13506,146,0.645644
4010,,,,,,9,15,9.784306,6,0.365833,0.401454,760.500391,0,0.161905,17,0.188437
5165,,,,,,1,37,21.315288,6,0.397749,0.452083,2100.064521,0,0.163664,109,0.480089
5511,,,,,,8,16,7.81076,6,0.361158,0.398546,809.678512,0,0.283333,34,0.230085
2452,,,,,,3,6,3.649171,6,0.343877,0.37044,60.77035,0,0.2,3,0.07558
5164,,,,,,5,24,15.83813,5,0.395522,0.438404,1190.792746,0,0.268116,74,0.385875
5170,,,,,,11,16,11.922589,5,0.378571,0.41647,389.674458,0,0.225,27,0.236832
9000,,,,,,9,10,6.909148,6,0.344156,0.375786,742.963828,0,0.155556,7,0.084054
9251,,,,,,10,6,2.973997,6,0.305256,0.335024,113.781783,0,0.266667,4,0.054318
7483,,,,,,10,6,4.358893,6,0.351575,0.379285,34.851289,0,0.4,6,0.113151
5161,,,,,,11,3,2.859308,6,0.312454,0.333019,427.566006,0,0,0,0.034594
4020,,,,,,9,6,4.362172,6,0.344996,0.373585,912.615312,0,0.133333,2,0.088605
5162,,,,,,6,3,2.796807,6,0.322433,0.345204,128.554847,0,0,0,0.040773
2940,,,,,,1,9,8.255252,6,0.32,0.348624,1279.418129,0,0.194444,7,0.085109
5512,,,,,,8,1,0.987585,7,0.265498,0.27933,0,0,0,0,0.011215
4200,,,,,,9,1,0.995421,7,0.263518,0.275494,0,0,0,0,0.005998
5166,,,,,,11,3,2.986425,7,0.261567,0.275927,82.864233,0,0.333333,1,0.006993
5163,,,,,,113,0,0,0,0,0,0,104,0,0,0
2735,,,,,,114,0,0,0,0,0,0,105,0,0,0
0000,,,,,,115,0,0,0,0,0,0,106,0,0,0
